batter_id,batter_name,team_id,team_name,batSide,primaryPosition,season,plateAppearances,atBats,hits,doubles,triples,homeRuns,baseOnBalls,intentionalWalks,strikeOuts,hitByPitch,sacFlies,sacBunts,totalBases,rbi,groundIntoDoublePlay,avg,obp,slg,ops,babip,atBatsPerHomeRun,numberOfPitches,groundOuts,airOuts,plateAppearances_prev,atBats_prev,hits_prev,doubles_prev,triples_prev,homeRuns_prev,baseOnBalls_prev,intentionalWalks_prev,strikeOuts_prev,hitByPitch_prev,sacFlies_prev,sacBunts_prev,totalBases_prev,rbi_prev,groundIntoDoublePlay_prev,avg_prev,obp_prev,slg_prev,ops_prev,babip_prev,atBatsPerHomeRun_prev,numberOfPitches_prev,groundOuts_prev,airOuts_prev,season_prev
663558,Jovani Morán,111,Boston Red Sox,,P,2026,,,,,,,,,,,,,,,,,,,,,,,,,,,,,,,,,,,,,,,,,,,,,,,,,2025
808963,Roki Sasaki,119,Los Angeles Dodgers,,P,2026,,,,,,,,,,,,,,,,,,,,,,,,,,,,,,,,,,,,,,,,,,,,,,,,,2025
624641,Edmundo Sosa,143,Philadelphia Phillies,,2B,2026,49.0,47.0,13.0,3.0,0.0,1.0,2.0,0.0,9.0,0.0,0.0,0.0,19.0,8.0,1.0,.277,.306,.404,.710,.324,47.00,178.0,14.0,11.0,261.0,243.0,67.0,12.0,1.0,11.0,10.0,0.0,56.0,2.0,2.0,3.0,114.0,39.0,7.0,.276,.307,.469,.776,.315,22.09,942.0,67.0,58.0,2025
808967,Yoshinobu Yamamoto,119,Los Angeles Dodgers,,P,2026,,,,,,,,,,,,,,,,,,,,,,,,,,,,,,,,,,,,,,,,,,,,,,,,,2025
595978,Austin Hedges,114,Cleveland Guardians,,C,2026,46.0,42.0,13.0,4.0,0.0,1.0,3.0,0.0,10.0,0.0,1.0,0.0,20.0,3.0,0.0,.310,.348,.476,.824,.375,42.00,177.0,15.0,5.0,180.0,155.0,25.0,3.0,0.0,5.0,18.0,0.0,43.0,1.0,2.0,4.0,43.0,10.0,2.0,.161,.250,.277,.527,.183,31.00,696.0,35.0,58.0,2025
669711,Greg Weissert,111,Boston Red Sox,,P,2026,,,,,,,,,,,,,,,,,,,,,,,,,,,,,,,,,,,,,,,,,,,,,,,,,2025
663567,Peter Lambert,117,Houston Astros,,P,2026,,,,,,,,,,,,,,,,,,,,,,,,,,,,,,,,,,,,,,,,,,,,,,,,,2025
808975,Hyeseong Kim,119,Los Angeles Dodgers,,SS,2026,68.0,60.0,19.0,3.0,0.0,1.0,7.0,0.0,13.0,0.0,1.0,0.0,25.0,8.0,2.0,.317,.382,.417,.799,.383,60.00,270.0,16.0,13.0,170.0,161.0,45.0,6.0,1.0,3.0,7.0,0.0,52.0,1.0,0.0,1.0,62.0,17.0,0.0,.280,.314,.385,.699,.396,53.67,660.0,38.0,27.0,2025
669720,Austin Hays,145,Chicago White Sox,,LF,2026,44.0,43.0,10.0,1.0,0.0,1.0,1.0,1.0,13.0,0.0,0.0,0.0,14.0,7.0,1.0,.233,.250,.326,.576,.310,43.00,166.0,15.0,5.0,416.0,380.0,101.0,16.0,5.0,15.0,29.0,2.0,107.0,1.0,6.0,0.0,172.0,64.0,9.0,.266,.315,.453,.768,.326,25.33,1559.0,86.0,92.0,2025
669724,Brenan Hanifee,116,Detroit Tigers,,P,2026,,,,,,,,,,,,,,,,,,,,,,,,,,,,,,,,,,,,,,,,,,,,,,,,,2025
663586,Austin Riley,144,Atlanta Braves,,3B,2026,148.0,132.0,27.0,6.0,0.0,4.0,13.0,0.0,39.0,2.0,1.0,0.0,45.0,21.0,4.0,.205,.284,.341,.625,.256,33.00,607.0,30.0,37.0,447.0,416.0,108.0,20.0,1.0,16.0,27.0,1.0,128.0,3.0,1.0,0.0,178.0,54.0,9.0,.260,.309,.428,.737,.337,26.00,1791.0,69.0,112.0,2025
669699,Braden Shewmake,117,Houston Astros,,2B,2026,11.0,10.0,2.0,0.0,0.0,1.0,0.0,0.0,3.0,0.0,0.0,1.0,5.0,1.0,0.0,.200,.200,.500,.700,.167,10.00,43.0,2.0,4.0,,,,,,,,,,,,,,,,,,,,,,,,,2025
663604,Brandon Lockridge,158,Milwaukee Brewers,,LF,2026,93.0,82.0,23.0,4.0,0.0,0.0,10.0,0.0,25.0,0.0,0.0,1.0,27.0,10.0,0.0,.280,.359,.329,.688,.404,-.--,405.0,28.0,7.0,148.0,134.0,31.0,7.0,1.0,0.0,8.0,0.0,36.0,1.0,2.0,3.0,40.0,11.0,2.0,.231,.276,.299,.575,.310,-.--,578.0,44.0,28.0,2025
677942,Blaze Alexander,110,Baltimore Orioles,,3B,2026,81.0,73.0,14.0,2.0,0.0,0.0,5.0,0.0,25.0,1.0,0.0,1.0,16.0,2.0,3.0,.192,.253,.219,.472,.292,-.--,322.0,22.0,13.0,266.0,230.0,53.0,12.0,1.0,7.0,22.0,0.0,86.0,10.0,1.0,3.0,88.0,28.0,5.0,.230,.323,.383,.706,.333,32.86,1042.0,54.0,41.0,2025
677951,Bobby Witt Jr.,118,Kansas City Royals,,SS,2026,154.0,135.0,38.0,9.0,1.0,2.0,17.0,2.0,28.0,0.0,2.0,0.0,55.0,15.0,4.0,.281,.357,.407,.764,.336,67.50,589.0,24.0,47.0,687.0,623.0,184.0,47.0,6.0,23.0,49.0,8.0,125.0,8.0,7.0,0.0,312.0,88.0,7.0,.295,.351,.501,.852,.334,27.09,2511.0,124.0,197.0,2025
677944,Slade Cecconi,114,Cleveland Guardians,,P,2026,,,,,,,,,,,,,,,,,,,,,,,,,,,,,,,,,,,,,,,,,,,,,,,,,2025
694335,Matt Svanson,138,St. Louis Cardinals,,P,2026,,,,,,,,,,,,,,,,,,,,,,,,,,,,,,,,,,,,,,,,,,,,,,,,,2025
675911,Spencer Strider,144,Atlanta Braves,,P,2026,,,,,,,,,,,,,,,,,,,,,,,,,,,,,,,,,,,,,,,,,,,,,,,,,2025
677960,Ryan Weathers,147,New York Yankees,,P,2026,,,,,,,,,,,,,,,,,,,,,,,,,,,,,,,,,,,,,,,,,,,,,,,,,2025
677961,Cole Wilcox,136,Seattle Mariners,,P,2026,,,,,,,,,,,,,,,,,,,,,,,,,,,,,,,,,,,,,,,,,,,,,,,,,2025
694346,Trey Gibson,110,Baltimore Orioles,,P,2026,,,,,,,,,,,,,,,,,,,,,,,,,,,,,,,,,,,,,,,,,,,,,,,,,2025
608331,Max Fried,147,New York Yankees,,P,2026,,,,,,,,,,,,,,,,,,,,,,,,,,,,,,,,,,,,,,,,,,,,,,,,,2025
669743,Alex Call,119,Los Angeles Dodgers,,LF,2026,39.0,31.0,10.0,2.0,0.0,0.0,7.0,0.0,4.0,1.0,0.0,0.0,12.0,4.0,1.0,.323,.462,.387,.849,.370,-.--,178.0,10.0,7.0,322.0,270.0,72.0,13.0,2.0,5.0,36.0,0.0,55.0,6.0,4.0,6.0,104.0,31.0,6.0,.267,.361,.385,.746,.313,54.00,1314.0,80.0,73.0,2025
694361,Will Klein,119,Los Angeles Dodgers,,P,2026,,,,,,,,,,,,,,,,,,,,,,,,,,,,,,,,,,,,,,,,,,,,,,,,,2025
663656,Kyle Tucker,119,Los Angeles Dodgers,,RF,2026,146.0,127.0,30.0,7.0,0.0,3.0,17.0,0.0,29.0,0.0,2.0,0.0,46.0,16.0,0.0,.236,.322,.362,.684,.278,42.33,546.0,26.0,44.0,597.0,500.0,133.0,25.0,4.0,22.0,87.0,7.0,88.0,4.0,3.0,1.0,232.0,73.0,8.0,.266,.377,.464,.841,.282,22.73,2306.0,114.0,169.0,2025
694376,Shay Whitcomb,117,Houston Astros,,3B,2026,14.0,13.0,1.0,0.0,0.0,1.0,1.0,0.0,8.0,0.0,0.0,0.0,4.0,3.0,0.0,.077,.143,.308,.451,.000,13.00,53.0,0.0,4.0,32.0,32.0,4.0,0.0,0.0,1.0,0.0,0.0,10.0,0.0,0.0,0.0,7.0,1.0,0.0,.125,.125,.219,.344,.143,32.00,138.0,10.0,8.0,2025
694384,Nolan Schanuel,108,Los Angeles Angels,,1B,2026,138.0,125.0,31.0,6.0,0.0,3.0,10.0,0.0,20.0,1.0,2.0,0.0,46.0,19.0,8.0,.248,.304,.368,.672,.269,41.67,531.0,46.0,30.0,564.0,488.0,129.0,23.0,1.0,12.0,59.0,4.0,71.0,10.0,4.0,3.0,190.0,53.0,10.0,.264,.353,.389,.742,.286,40.67,2150.0,139.0,156.0,2025
694363,Jared Shuster,138,St. Louis Cardinals,,P,2026,,,,,,,,,,,,,,,,,,,,,,,,,,,,,,,,,,,,,,,,,,,,,,,,,2025
686217,Sal Frelick,158,Milwaukee Brewers,,RF,2026,121.0,101.0,21.0,2.0,0.0,3.0,14.0,1.0,13.0,1.0,2.0,0.0,32.0,9.0,2.0,.208,.305,.317,.622,.207,33.67,478.0,39.0,30.0,594.0,528.0,152.0,20.0,3.0,12.0,47.0,0.0,80.0,7.0,5.0,3.0,214.0,63.0,4.0,.288,.351,.405,.756,.317,44.00,2311.0,153.0,151.0,2025
608379,Michael Wacha,118,Kansas City Royals,,P,2026,,,,,,,,,,,,,,,,,,,,,,,,,,,,,,,,,,,,,,,,,,,,,,,,,2025
686218,Emmet Sheehan,119,Los Angeles Dodgers,,P,2026,,,,,,,,,,,,,,,,,,,,,,,,,,,,,,,,,,,,,,,,,,,,,,,,,2025
673929,Jordan Leasure,145,Chicago White Sox,,P,2026,,,,,,,,,,,,,,,,,,,,,,,,,0.0,0.0,0.0,0.0,0.0,0.0,0.0,0.0,0.0,0.0,0.0,0.0,0.0,0.0,0.0,.000,.000,.000,.000,.---,-.--,0.0,0.0,0.0,2025
647304,Josh Naylor,136,Seattle Mariners,,1B,2026,138.0,125.0,27.0,2.0,0.0,4.0,11.0,1.0,24.0,1.0,1.0,0.0,41.0,17.0,4.0,.216,.283,.328,.611,.235,31.25,444.0,34.0,41.0,604.0,543.0,160.0,29.0,1.0,20.0,48.0,4.0,83.0,4.0,5.0,0.0,251.0,92.0,17.0,.295,.353,.462,.815,.315,27.15,2013.0,158.0,147.0,2025
682120,Tim Herrin,114,Cleveland Guardians,,P,2026,,,,,,,,,,,,,,,,,,,,,,,,,0.0,0.0,0.0,0.0,0.0,0.0,0.0,0.0,0.0,0.0,0.0,0.0,0.0,0.0,0.0,.000,.000,.000,.000,.---,-.--,0.0,0.0,0.0,2025
645261,Sandy Alcantara,146,Miami Marlins,,P,2026,,,,,,,,,,,,,,,,,,,,,,,,,,,,,,,,,,,,,,,,,,,,,,,,,2025
667755,José Soriano,108,Los Angeles Angels,,P,2026,,,,,,,,,,,,,,,,,,,,,,,,,,,,,,,,,,,,,,,,,,,,,,,,,2025
643217,Andrew Benintendi,145,Chicago White Sox,,LF,2026,108.0,100.0,20.0,5.0,2.0,2.0,6.0,0.0,38.0,0.0,2.0,0.0,35.0,15.0,2.0,.200,.241,.350,.591,.290,50.00,413.0,17.0,27.0,470.0,420.0,101.0,16.0,2.0,20.0,40.0,2.0,82.0,3.0,6.0,0.0,181.0,63.0,5.0,.240,.307,.431,.738,.250,21.00,1721.0,88.0,155.0,2025
675989,Cody Bolton,117,Houston Astros,,P,2026,,,,,,,,,,,,,,,,,,,,,,,,,,,,,,,,,,,,,,,,,,,,,,,,,2025
665750,Leody Taveras,110,Baltimore Orioles,,CF,2026,86.0,72.0,20.0,3.0,1.0,2.0,13.0,0.0,17.0,0.0,0.0,1.0,31.0,18.0,0.0,.278,.388,.431,.819,.340,36.00,334.0,8.0,28.0,180.0,171.0,35.0,6.0,1.0,3.0,5.0,0.0,50.0,0.0,1.0,3.0,52.0,17.0,0.0,.205,.226,.304,.530,.269,57.00,693.0,33.0,57.0,2025
596115,Trevor Story,111,Boston Red Sox,,SS,2026,139.0,130.0,27.0,6.0,0.0,2.0,7.0,0.0,41.0,0.0,2.0,0.0,39.0,18.0,5.0,.208,.245,.300,.545,.281,65.00,499.0,32.0,32.0,654.0,612.0,161.0,29.0,0.0,25.0,33.0,1.0,176.0,7.0,1.0,1.0,265.0,96.0,3.0,.263,.308,.433,.741,.330,24.48,2472.0,129.0,148.0,2025
596117,Garrett Stubbs,143,Philadelphia Phillies,,C,2026,13.0,11.0,3.0,0.0,0.0,0.0,1.0,0.0,1.0,0.0,1.0,0.0,3.0,1.0,0.0,.273,.308,.273,.581,.273,-.--,45.0,5.0,3.0,1.0,1.0,0.0,0.0,0.0,0.0,0.0,0.0,0.0,0.0,0.0,0.0,0.0,0.0,0.0,.000,.000,.000,.000,.000,-.--,4.0,1.0,0.0,2025
596142,Gary Sánchez,158,Milwaukee Brewers,,C,2026,88.0,71.0,15.0,2.0,1.0,5.0,16.0,0.0,18.0,1.0,0.0,0.0,34.0,14.0,2.0,.211,.364,.479,.843,.208,14.20,388.0,17.0,21.0,101.0,91.0,21.0,2.0,0.0,5.0,4.0,0.0,27.0,5.0,1.0,0.0,38.0,24.0,2.0,.231,.297,.418,.715,.267,18.20,415.0,21.0,23.0,2025
671922,Cade Smith,114,Cleveland Guardians,,P,2026,,,,,,,,,,,,,,,,,,,,,,,,,,,,,,,,,,,,,,,,,,,,,,,,,2025
622761,Jorge Mateo,144,Atlanta Braves,,SS,2026,44.0,42.0,12.0,2.0,0.0,2.0,2.0,0.0,16.0,0.0,0.0,0.0,20.0,5.0,1.0,.286,.318,.476,.794,.417,21.00,183.0,8.0,6.0,83.0,79.0,14.0,4.0,0.0,1.0,4.0,0.0,30.0,0.0,0.0,0.0,21.0,3.0,1.0,.177,.217,.266,.483,.271,79.00,336.0,17.0,18.0,2025
645277,Ozzie Albies,144,Atlanta Braves,,2B,2026,151.0,135.0,45.0,8.0,0.0,7.0,12.0,0.0,17.0,1.0,3.0,0.0,74.0,22.0,2.0,.333,.384,.548,.932,.333,19.29,531.0,33.0,43.0,667.0,603.0,145.0,23.0,2.0,16.0,55.0,2.0,94.0,4.0,5.0,0.0,220.0,74.0,9.0,.240,.306,.365,.671,.259,37.69,2402.0,146.0,223.0,2025
663728,Cal Raleigh,136,Seattle Mariners,,C,2026,147.0,129.0,24.0,4.0,0.0,7.0,16.0,0.0,43.0,0.0,2.0,0.0,49.0,18.0,2.0,.186,.272,.380,.652,.210,18.43,648.0,20.0,44.0,705.0,596.0,147.0,24.0,0.0,60.0,97.0,17.0,188.0,9.0,3.0,0.0,351.0,125.0,6.0,.247,.359,.589,.948,.248,9.93,2833.0,79.0,185.0,2025
682177,Daniel Schneemann,114,Cleveland Guardians,,CF,2026,93.0,84.0,25.0,7.0,0.0,4.0,9.0,0.0,29.0,0.0,0.0,0.0,44.0,14.0,0.0,.298,.366,.524,.890,.412,21.00,397.0,14.0,16.0,422.0,379.0,78.0,18.0,1.0,12.0,38.0,1.0,117.0,3.0,1.0,1.0,134.0,41.0,4.0,.206,.283,.354,.637,.263,31.58,1668.0,96.0,90.0,2025
803011,Sam Antonacci,145,Chicago White Sox,,LF,2026,61.0,51.0,13.0,2.0,2.0,1.0,5.0,0.0,6.0,4.0,1.0,0.0,22.0,7.0,0.0,.255,.361,.431,.792,.267,51.00,239.0,16.0,17.0,,,,,,,,,,,,,,,,,,,,,,,,,2025
657612,Tim Hill,147,New York Yankees,,P,2026,,,,,,,,,,,,,,,,,,,,,,,,,,,,,,,,,,,,,,,,,,,,,,,,,2025
663757,Trent Grisham,147,New York Yankees,,CF,2026,128.0,105.0,17.0,3.0,1.0,5.0,21.0,0.0,22.0,0.0,2.0,0.0,37.0,19.0,2.0,.162,.297,.352,.649,.150,21.00,519.0,27.0,41.0,581.0,494.0,116.0,9.0,1.0,34.0,82.0,0.0,137.0,4.0,1.0,0.0,229.0,74.0,7.0,.235,.348,.464,.812,.253,14.53,2393.0,107.0,135.0,2025
663738,Daniel Lynch IV,118,Kansas City Royals,,P,2026,,,,,,,,,,,,,,,,,,,,,,,,,0.0,0.0,0.0,0.0,0.0,0.0,0.0,0.0,0.0,0.0,0.0,0.0,0.0,0.0,0.0,.000,.000,.000,.000,.---,-.--,0.0,0.0,0.0,2025
663765,Jake Woodford,158,Milwaukee Brewers,,P,2026,,,,,,,,,,,,,,,,,,,,,,,,,,,,,,,,,,,,,,,,,,,,,,,,,2025
663767,Chase Shugart,143,Philadelphia Phillies,,P,2026,,,,,,,,,,,,,,,,,,,,,,,,,,,,,,,,,,,,,,,,,,,,,,,,,2025
643289,Mauricio Dubón,144,Atlanta Braves,,SS,2026,131.0,120.0,32.0,8.0,2.0,2.0,9.0,0.0,21.0,2.0,0.0,0.0,50.0,18.0,2.0,.267,.328,.417,.745,.309,60.00,490.0,30.0,37.0,398.0,369.0,89.0,21.0,0.0,7.0,24.0,0.0,42.0,1.0,1.0,3.0,131.0,33.0,12.0,.241,.289,.355,.644,.255,52.71,1346.0,110.0,132.0,2025
669923,George Kirby,136,Seattle Mariners,,P,2026,,,,,,,,,,,,,,,,,,,,,,,,,,,,,,,,,,,,,,,,,,,,,,,,,2025
671976,Tristan Peters,145,Chicago White Sox,,CF,2026,83.0,74.0,21.0,1.0,1.0,0.0,6.0,0.0,20.0,1.0,0.0,2.0,24.0,5.0,0.0,.284,.346,.324,.670,.389,-.--,307.0,15.0,20.0,12.0,12.0,0.0,0.0,0.0,0.0,0.0,0.0,7.0,0.0,0.0,0.0,0.0,0.0,0.0,.000,.000,.000,.000,.000,-.--,46.0,1.0,4.0,2025
688363,Graham Pauley,146,Miami Marlins,,3B,2026,75.0,70.0,13.0,6.0,0.0,1.0,4.0,0.0,19.0,0.0,0.0,1.0,22.0,9.0,3.0,.186,.230,.314,.544,.240,70.00,311.0,18.0,21.0,184.0,161.0,36.0,9.0,1.0,4.0,21.0,0.0,36.0,0.0,1.0,1.0,59.0,11.0,1.0,.224,.311,.366,.677,.262,40.25,681.0,38.0,53.0,2025
676083,Janson Junk,146,Miami Marlins,,P,2026,,,,,,,,,,,,,,,,,,,,,,,,,,,,,,,,,,,,,,,,,,,,,,,,,2025
700669,Gordon Graceffo,138,St. Louis Cardinals,,P,2026,,,,,,,,,,,,,,,,,,,,,,,,,,,,,,,,,,,,,,,,,,,,,,,,,2025
805123,AJ Blubaugh,117,Houston Astros,,P,2026,,,,,,,,,,,,,,,,,,,,,,,,,,,,,,,,,,,,,,,,,,,,,,,,,2025
665861,Sebastián Rivero,108,Los Angeles Angels,,C,2026,6.0,6.0,3.0,0.0,0.0,0.0,0.0,0.0,1.0,0.0,0.0,0.0,3.0,0.0,0.0,.500,.500,.500,1.000,.600,-.--,18.0,1.0,1.0,34.0,33.0,6.0,2.0,0.0,0.0,1.0,0.0,9.0,0.0,0.0,0.0,8.0,2.0,0.0,.182,.206,.242,.448,.250,-.--,127.0,6.0,12.0,2025
694477,Chad Patrick,158,Milwaukee Brewers,,P,2026,,,,,,,,,,,,,,,,,,,,,,,,,,,,,,,,,,,,,,,,,,,,,,,,,2025
571657,Kyle Farmer,144,Atlanta Braves,,3B,2026,13.0,12.0,4.0,1.0,0.0,0.0,0.0,0.0,2.0,0.0,1.0,0.0,5.0,3.0,0.0,.333,.308,.417,.725,.364,-.--,42.0,4.0,3.0,300.0,277.0,63.0,14.0,0.0,8.0,17.0,0.0,66.0,4.0,2.0,0.0,101.0,31.0,9.0,.227,.280,.365,.645,.268,34.62,1101.0,73.0,77.0,2025
676106,Emerson Hancock,136,Seattle Mariners,,P,2026,,,,,,,,,,,,,,,,,,,,,,,,,0.0,0.0,0.0,0.0,0.0,0.0,0.0,0.0,0.0,0.0,0.0,0.0,0.0,0.0,0.0,.000,.000,.000,.000,.---,-.--,0.0,0.0,0.0,2025
672012,Tyler Black,158,Milwaukee Brewers,,3B,2026,22.0,21.0,9.0,4.0,0.0,0.0,1.0,0.0,5.0,0.0,0.0,0.0,13.0,7.0,1.0,.429,.455,.619,1.074,.563,-.--,75.0,4.0,3.0,13.0,8.0,2.0,1.0,0.0,0.0,5.0,0.0,1.0,0.0,0.0,0.0,3.0,1.0,0.0,.250,.538,.375,.913,.286,-.--,54.0,2.0,3.0,2025
665877,José Fermín,138,St. Louis Cardinals,,LF,2026,38.0,33.0,9.0,2.0,0.0,1.0,3.0,0.0,8.0,0.0,1.0,0.0,14.0,4.0,2.0,.273,.324,.424,.748,.320,33.00,171.0,6.0,11.0,70.0,60.0,17.0,5.0,0.0,1.0,8.0,0.0,10.0,1.0,0.0,1.0,25.0,9.0,0.0,.283,.377,.417,.794,.327,60.00,271.0,16.0,18.0,2025
700712,Walbert Ureña,108,Los Angeles Angels,,P,2026,,,,,,,,,,,,,,,,,,,,,,,,,,,,,,,,,,,,,,,,,,,,,,,,,2025
813349,Connelly Early,111,Boston Red Sox,,P,2026,,,,,,,,,,,,,,,,,,,,,,,,,,,,,,,,,,,,,,,,,,,,,,,,,2025
641343,Jake Bauers,158,Milwaukee Brewers,,1B,2026,123.0,111.0,27.0,5.0,0.0,5.0,12.0,3.0,26.0,0.0,0.0,0.0,47.0,19.0,1.0,.243,.317,.423,.740,.275,22.20,479.0,33.0,25.0,218.0,183.0,43.0,9.0,0.0,7.0,32.0,1.0,59.0,2.0,1.0,0.0,73.0,28.0,1.0,.235,.353,.399,.752,.305,26.14,895.0,35.0,47.0,2025
665862,Jazz Chisholm Jr.,147,New York Yankees,,2B,2026,134.0,118.0,25.0,5.0,0.0,3.0,14.0,0.0,36.0,1.0,1.0,0.0,39.0,12.0,0.0,.212,.299,.331,.630,.275,39.33,537.0,24.0,34.0,531.0,462.0,112.0,15.0,1.0,31.0,58.0,1.0,148.0,6.0,4.0,1.0,222.0,80.0,3.0,.242,.332,.481,.813,.282,14.90,2138.0,90.0,117.0,2025
665923,Esteury Ruiz,146,Miami Marlins,,CF,2026,14.0,14.0,4.0,1.0,0.0,2.0,0.0,0.0,6.0,0.0,0.0,0.0,11.0,3.0,0.0,.286,.286,.786,1.072,.333,7.00,48.0,2.0,2.0,23.0,21.0,4.0,0.0,0.0,1.0,2.0,0.0,8.0,0.0,0.0,0.0,7.0,2.0,0.0,.190,.261,.333,.594,.250,21.00,88.0,5.0,4.0,2025
663837,Matt Vierling,116,Detroit Tigers,,CF,2026,78.0,70.0,15.0,7.0,0.0,1.0,6.0,0.0,14.0,0.0,2.0,0.0,25.0,13.0,3.0,.214,.269,.357,.626,.246,70.00,312.0,20.0,23.0,100.0,88.0,21.0,3.0,0.0,1.0,7.0,0.0,24.0,3.0,2.0,0.0,27.0,11.0,1.0,.239,.310,.307,.617,.308,88.00,436.0,16.0,29.0,2025
543056,Danny Coulombe,111,Boston Red Sox,,P,2026,,,,,,,,,,,,,,,,,,,,,,,,,,,,,,,,,,,,,,,,,,,,,,,,,2025
663855,Jordan Hicks,145,Chicago White Sox,,P,2026,,,,,,,,,,,,,,,,,,,,,,,,,,,,,,,,,,,,,,,,,,,,,,,,,2025
670042,Luke Raley,136,Seattle Mariners,,RF,2026,96.0,89.0,22.0,4.0,1.0,5.0,5.0,0.0,36.0,2.0,0.0,0.0,43.0,13.0,0.0,.247,.302,.483,.785,.354,17.80,368.0,14.0,17.0,219.0,183.0,37.0,8.0,0.0,4.0,19.0,0.0,64.0,13.0,1.0,3.0,57.0,19.0,2.0,.202,.319,.311,.630,.284,45.75,831.0,53.0,33.0,2025
643396,Isiah Kiner-Falefa,111,Boston Red Sox,,2B,2026,38.0,35.0,8.0,0.0,0.0,0.0,2.0,0.0,7.0,0.0,0.0,1.0,8.0,3.0,1.0,.229,.270,.229,.499,.286,-.--,128.0,9.0,12.0,459.0,431.0,113.0,21.0,2.0,2.0,17.0,0.0,77.0,5.0,1.0,5.0,144.0,40.0,9.0,.262,.297,.334,.631,.314,215.50,1631.0,160.0,87.0,2025
678246,Miguel Vargas,145,Chicago White Sox,,3B,2026,145.0,118.0,26.0,4.0,1.0,6.0,24.0,1.0,25.0,2.0,1.0,0.0,50.0,17.0,2.0,.220,.359,.424,.783,.227,19.67,596.0,27.0,41.0,569.0,504.0,118.0,32.0,2.0,16.0,56.0,0.0,100.0,6.0,3.0,0.0,202.0,60.0,9.0,.234,.316,.401,.717,.261,31.50,2323.0,91.0,198.0,2025
641355,Cody Bellinger,147,New York Yankees,,LF,2026,142.0,120.0,33.0,8.0,1.0,5.0,20.0,0.0,20.0,0.0,2.0,0.0,58.0,20.0,2.0,.275,.373,.483,.856,.289,24.00,533.0,27.0,42.0,656.0,588.0,160.0,25.0,5.0,29.0,57.0,1.0,90.0,2.0,9.0,0.0,282.0,98.0,8.0,.272,.334,.480,.814,.274,20.28,2594.0,122.0,225.0,2025
670059,Colin Holderman,114,Cleveland Guardians,,P,2026,,,,,,,,,,,,,,,,,,,,,,,,,,,,,,,,,,,,,,,,,,,,,,,,,2025
665966,Carlos Narváez,111,Boston Red Sox,,C,2026,74.0,70.0,16.0,3.0,0.0,2.0,3.0,0.0,22.0,0.0,0.0,1.0,25.0,3.0,2.0,.229,.260,.357,.617,.304,35.00,291.0,15.0,18.0,446.0,403.0,97.0,27.0,0.0,15.0,38.0,0.0,111.0,1.0,2.0,2.0,169.0,50.0,12.0,.241,.306,.419,.725,.294,26.87,1829.0,98.0,101.0,2025
547180,Bryce Harper,143,Philadelphia Phillies,,1B,2026,145.0,125.0,32.0,8.0,1.0,6.0,19.0,1.0,25.0,0.0,1.0,0.0,60.0,19.0,4.0,.256,.352,.480,.832,.274,20.83,537.0,34.0,35.0,580.0,501.0,131.0,32.0,0.0,27.0,70.0,6.0,121.0,6.0,3.0,0.0,244.0,75.0,5.0,.261,.357,.487,.844,.292,18.56,2172.0,127.0,125.0,2025
801139,Payton Tolle,111,Boston Red Sox,,P,2026,,,,,,,,,,,,,,,,,,,,,,,,,,,,,,,,,,,,,,,,,,,,,,,,,2025
641401,Connor Brogdon,114,Cleveland Guardians,,P,2026,,,,,,,,,,,,,,,,,,,,,,,,,,,,,,,,,,,,,,,,,,,,,,,,,2025
608650,Dietrich Enns,110,Baltimore Orioles,,P,2026,,,,,,,,,,,,,,,,,,,,,,,,,0.0,0.0,0.0,0.0,0.0,0.0,0.0,0.0,0.0,0.0,0.0,0.0,0.0,0.0,0.0,.000,.000,.000,.000,.---,-.--,0.0,0.0,0.0,2025
663947,Tyler Holton,116,Detroit Tigers,,P,2026,,,,,,,,,,,,,,,,,,,,,,,,,,,,,,,,,,,,,,,,,,,,,,,,,2025
663969,Tyler Phillips,146,Miami Marlins,,P,2026,,,,,,,,,,,,,,,,,,,,,,,,,,,,,,,,,,,,,,,,,,,,,,,,,2025
676263,Jack Dreyer,119,Los Angeles Dodgers,,P,2026,,,,,,,,,,,,,,,,,,,,,,,,,,,,,,,,,,,,,,,,,,,,,,,,,2025
670036,Matt Festa,114,Cleveland Guardians,,P,2026,,,,,,,,,,,,,,,,,,,,,,,,,0.0,0.0,0.0,0.0,0.0,0.0,0.0,0.0,0.0,0.0,0.0,0.0,0.0,0.0,0.0,.000,.000,.000,.000,.---,-.--,0.0,0.0,0.0,2025
663978,Chris Paddack,146,Miami Marlins,,P,2026,,,,,,,,,,,,,,,,,,,,,,,,,,,,,,,,,,,,,,,,,,,,,,,,,2025
686469,Vinnie Pasquantino,118,Kansas City Royals,,1B,2026,138.0,117.0,22.0,3.0,2.0,4.0,16.0,0.0,29.0,1.0,4.0,0.0,41.0,16.0,1.0,.188,.283,.350,.633,.205,29.25,571.0,28.0,42.0,682.0,621.0,164.0,33.0,1.0,32.0,49.0,5.0,107.0,7.0,5.0,0.0,295.0,113.0,14.0,.264,.323,.475,.798,.271,19.41,2572.0,153.0,202.0,2025
805300,Jakob Marsee,146,Miami Marlins,,CF,2026,151.0,126.0,22.0,3.0,2.0,1.0,21.0,0.0,37.0,2.0,1.0,1.0,32.0,8.0,1.0,.175,.300,.254,.554,.236,126.00,625.0,24.0,45.0,234.0,209.0,61.0,18.0,3.0,5.0,22.0,0.0,48.0,2.0,1.0,0.0,100.0,33.0,2.0,.292,.363,.478,.841,.357,41.80,881.0,52.0,49.0,2025
670097,Zack Short,116,Detroit Tigers,,3B,2026,0.0,0.0,0.0,0.0,0.0,0.0,0.0,0.0,0.0,0.0,0.0,0.0,0.0,0.0,0.0,.000,.000,.000,.000,.---,-.--,0.0,0.0,0.0,56.0,50.0,11.0,2.0,0.0,2.0,4.0,0.0,18.0,1.0,0.0,1.0,19.0,7.0,0.0,.220,.291,.380,.671,.300,25.00,252.0,9.0,13.0,2025
575929,Willson Contreras,111,Boston Red Sox,,1B,2026,142.0,118.0,33.0,4.0,0.0,7.0,15.0,0.0,39.0,7.0,2.0,0.0,58.0,21.0,3.0,.280,.387,.492,.879,.351,16.86,553.0,21.0,27.0,563.0,490.0,126.0,31.0,1.0,20.0,44.0,1.0,142.0,23.0,4.0,1.0,219.0,80.0,15.0,.257,.344,.447,.791,.319,24.50,2160.0,112.0,115.0,2025
518585,Fernando Cruz,147,New York Yankees,,P,2026,,,,,,,,,,,,,,,,,,,,,,,,,,,,,,,,,,,,,,,,,,,,,,,,,2025
676282,Joey Cantillo,114,Cleveland Guardians,,P,2026,,,,,,,,,,,,,,,,,,,,,,,,,,,,,,,,,,,,,,,,,,,,,,,,,2025
608701,Rob Refsnyder,136,Seattle Mariners,,RF,2026,46.0,41.0,5.0,0.0,0.0,2.0,4.0,0.0,11.0,0.0,1.0,0.0,11.0,3.0,0.0,.122,.196,.268,.464,.103,20.50,174.0,8.0,18.0,209.0,182.0,49.0,12.0,0.0,9.0,24.0,1.0,54.0,1.0,2.0,0.0,88.0,30.0,6.0,.269,.354,.484,.838,.331,20.22,887.0,43.0,38.0,2025
518595,Travis d'Arnaud,108,Los Angeles Angels,,C,2026,35.0,30.0,4.0,1.0,0.0,0.0,3.0,0.0,6.0,2.0,0.0,0.0,5.0,0.0,1.0,.133,.257,.167,.424,.167,-.--,127.0,9.0,11.0,231.0,213.0,42.0,13.0,0.0,6.0,13.0,0.0,74.0,4.0,1.0,0.0,73.0,21.0,5.0,.197,.255,.343,.598,.269,35.50,873.0,45.0,53.0,2025
694728,Brice Matthews,117,Houston Astros,,LF,2026,77.0,68.0,15.0,4.0,0.0,3.0,7.0,0.0,28.0,0.0,1.0,1.0,28.0,12.0,0.0,.221,.289,.412,.701,.316,22.67,343.0,15.0,12.0,47.0,42.0,7.0,0.0,0.0,4.0,2.0,0.0,20.0,1.0,0.0,2.0,19.0,9.0,0.0,.167,.222,.452,.674,.167,10.50,179.0,7.0,10.0,2025
608718,Brent Suter,108,Los Angeles Angels,,P,2026,,,,,,,,,,,,,,,,,,,,,,,,,,,,,,,,,,,,,,,,,,,,,,,,,2025
641487,J.P. Crawford,136,Seattle Mariners,,SS,2026,115.0,93.0,19.0,3.0,0.0,2.0,20.0,0.0,18.0,2.0,0.0,0.0,28.0,7.0,3.0,.204,.357,.301,.658,.233,46.50,473.0,29.0,27.0,654.0,570.0,151.0,24.0,0.0,12.0,74.0,1.0,122.0,3.0,1.0,6.0,211.0,58.0,11.0,.265,.352,.370,.722,.318,47.50,2731.0,155.0,149.0,2025
670167,John Schreiber,118,Kansas City Royals,,P,2026,,,,,,,,,,,,,,,,,,,,,,,,,0.0,0.0,0.0,0.0,0.0,0.0,0.0,0.0,0.0,0.0,0.0,0.0,0.0,0.0,0.0,.000,.000,.000,.000,.---,-.--,0.0,0.0,0.0,2025
686555,Isaac Collins,118,Kansas City Royals,,LF,2026,105.0,89.0,21.0,3.0,0.0,2.0,13.0,0.0,30.0,2.0,1.0,0.0,30.0,11.0,1.0,.236,.343,.337,.680,.328,44.50,413.0,12.0,27.0,441.0,372.0,98.0,22.0,3.0,9.0,57.0,0.0,93.0,6.0,3.0,3.0,153.0,54.0,8.0,.263,.368,.411,.779,.326,41.33,1792.0,91.0,96.0,2025
621043,Carlos Correa,117,Houston Astros,,SS,2026,137.0,118.0,34.0,8.0,0.0,3.0,18.0,1.0,23.0,0.0,1.0,0.0,51.0,16.0,5.0,.288,.380,.432,.812,.333,39.33,564.0,35.0,27.0,584.0,537.0,148.0,29.0,0.0,13.0,45.0,0.0,113.0,1.0,1.0,0.0,216.0,52.0,19.0,.276,.332,.402,.734,.328,41.31,2311.0,153.0,124.0,2025
678394,Brayan Bello,111,Boston Red Sox,,P,2026,,,,,,,,,,,,,,,,,,,,,,,,,,,,,,,,,,,,,,,,,,,,,,,,,2025
686527,Dominic Canzone,136,Seattle Mariners,,RF,2026,80.0,72.0,19.0,7.0,0.0,3.0,6.0,0.0,18.0,1.0,1.0,0.0,35.0,12.0,0.0,.264,.325,.486,.811,.308,24.00,306.0,11.0,25.0,269.0,243.0,73.0,11.0,0.0,11.0,20.0,0.0,59.0,3.0,2.0,0.0,117.0,32.0,6.0,.300,.358,.481,.839,.354,22.09,1028.0,55.0,59.0,2025
805367,Chase Meidroth,145,Chicago White Sox,,2B,2026,139.0,120.0,32.0,7.0,0.0,1.0,15.0,0.0,31.0,0.0,1.0,2.0,42.0,3.0,3.0,.267,.346,.350,.696,.348,120.00,598.0,36.0,24.0,505.0,450.0,114.0,15.0,0.0,5.0,45.0,0.0,72.0,6.0,1.0,3.0,144.0,23.0,14.0,.253,.329,.320,.649,.291,90.00,2057.0,149.0,119.0,2025
694795,Josh Ekness,146,Miami Marlins,,P,2026,,,,,,,,,,,,,,,,,,,,,,,,,,,,,,,,,,,,,,,,,,,,,,,,,2025
680474,Max Schuemann,147,New York Yankees,,3B,2026,2.0,1.0,0.0,0.0,0.0,0.0,1.0,0.0,0.0,0.0,0.0,0.0,0.0,0.0,0.0,.000,.500,.000,.500,.000,-.--,13.0,0.0,1.0,213.0,183.0,36.0,4.0,2.0,2.0,22.0,0.0,35.0,4.0,1.0,3.0,50.0,13.0,6.0,.197,.295,.273,.568,.231,91.50,838.0,56.0,60.0,2025
666139,Josh Lowe,108,Los Angeles Angels,,LF,2026,96.0,88.0,14.0,1.0,0.0,4.0,5.0,0.0,27.0,1.0,1.0,1.0,27.0,10.0,0.0,.159,.211,.307,.518,.172,22.00,407.0,16.0,33.0,435.0,396.0,87.0,21.0,2.0,11.0,33.0,1.0,109.0,3.0,2.0,1.0,145.0,40.0,7.0,.220,.283,.366,.649,.273,36.00,1842.0,105.0,98.0,2025
672284,Jarred Kelenic,145,Chicago White Sox,,RF,2026,7.0,6.0,1.0,0.0,0.0,0.0,1.0,0.0,1.0,0.0,0.0,0.0,1.0,0.0,0.0,.167,.286,.167,.453,.200,-.--,22.0,2.0,2.0,65.0,60.0,10.0,2.0,0.0,2.0,5.0,0.0,23.0,0.0,0.0,0.0,18.0,2.0,1.0,.167,.231,.300,.531,.229,30.00,258.0,14.0,13.0,2025
672282,Reid Detmers,108,Los Angeles Angels,,P,2026,,,,,,,,,,,,,,,,,,,,,,,,,,,,,,,,,,,,,,,,,,,,,,,,,2025
700932,Kyle Manzardo,114,Cleveland Guardians,,1B,2026,107.0,95.0,19.0,2.0,0.0,2.0,9.0,0.0,35.0,2.0,1.0,0.0,27.0,10.0,4.0,.200,.280,.284,.564,.288,47.50,449.0,21.0,21.0,531.0,470.0,110.0,19.0,2.0,27.0,48.0,2.0,135.0,8.0,5.0,0.0,214.0,70.0,7.0,.234,.313,.455,.768,.265,17.41,2018.0,82.0,148.0,2025
694819,Jacob Misiorowski,158,Milwaukee Brewers,,P,2026,,,,,,,,,,,,,,,,,,,,,,,,,,,,,,,,,,,,,,,,,,,,,,,,,2025
518692,Freddie Freeman,119,Los Angeles Dodgers,,1B,2026,141.0,129.0,35.0,8.0,1.0,3.0,11.0,1.0,17.0,1.0,0.0,0.0,54.0,16.0,6.0,.271,.333,.419,.752,.294,43.00,523.0,39.0,38.0,627.0,556.0,164.0,39.0,2.0,24.0,60.0,7.0,128.0,6.0,5.0,0.0,279.0,90.0,13.0,.295,.367,.502,.869,.342,23.17,2382.0,128.0,141.0,2025
641555,J.C. Escarra,147,New York Yankees,,C,2026,36.0,35.0,7.0,3.0,1.0,0.0,1.0,0.0,10.0,0.0,0.0,0.0,12.0,5.0,1.0,.200,.222,.343,.565,.280,-.--,147.0,11.0,7.0,98.0,84.0,17.0,5.0,0.0,2.0,11.0,0.0,14.0,1.0,2.0,0.0,28.0,11.0,1.0,.202,.296,.333,.629,.214,42.00,395.0,28.0,27.0,2025
670245,Ryan Watson,111,Boston Red Sox,,P,2026,,,,,,,,,,,,,,,,,,,,,,,,,,,,,,,,,,,,,,,,,,,,,,,,,2025
666152,David Hamilton,158,Milwaukee Brewers,,3B,2026,99.0,81.0,20.0,2.0,0.0,0.0,12.0,0.0,18.0,1.0,0.0,4.0,22.0,7.0,1.0,.247,.351,.272,.623,.317,-.--,401.0,27.0,20.0,194.0,177.0,35.0,4.0,1.0,6.0,13.0,0.0,47.0,1.0,0.0,3.0,59.0,19.0,3.0,.198,.257,.333,.590,.234,29.50,742.0,44.0,54.0,2025
666171,Ryan Zeferjahn,108,Los Angeles Angels,,P,2026,,,,,,,,,,,,,,,,,,,,,,,,,,,,,,,,,,,,,,,,,,,,,,,,,2025
621112,Paul Blackburn,147,New York Yankees,,P,2026,0.0,0.0,0.0,0.0,0.0,0.0,0.0,0.0,0.0,0.0,0.0,0.0,0.0,0.0,0.0,.000,.000,.000,.000,.---,-.--,0.0,0.0,0.0,,,,,,,,,,,,,,,,,,,,,,,,,2025
666142,Cole Ragans,118,Kansas City Royals,,P,2026,,,,,,,,,,,,,,,,,,,,,,,,,,,,,,,,,,,,,,,,,,,,,,,,,2025
641598,Mitch Garver,136,Seattle Mariners,,C,2026,49.0,40.0,8.0,1.0,0.0,0.0,9.0,0.0,15.0,0.0,0.0,0.0,9.0,1.0,0.0,.200,.347,.225,.572,.320,-.--,214.0,7.0,10.0,290.0,254.0,53.0,5.0,1.0,9.0,30.0,1.0,80.0,3.0,3.0,0.0,87.0,30.0,6.0,.209,.297,.343,.640,.262,28.22,1166.0,47.0,77.0,2025
621121,Lance McCullers Jr.,117,Houston Astros,,P,2026,,,,,,,,,,,,,,,,,,,,,,,,,,,,,,,,,,,,,,,,,,,,,,,,,2025
666176,Jo Adell,108,Los Angeles Angels,,RF,2026,151.0,142.0,38.0,2.0,0.0,4.0,4.0,0.0,32.0,4.0,1.0,0.0,52.0,20.0,5.0,.268,.305,.366,.671,.318,35.50,577.0,32.0,41.0,573.0,526.0,124.0,18.0,1.0,37.0,33.0,0.0,151.0,10.0,1.0,0.0,255.0,98.0,10.0,.236,.293,.485,.778,.257,14.22,2220.0,111.0,141.0,2025
592450,Aaron Judge,147,New York Yankees,,RF,2026,150.0,121.0,32.0,5.0,0.0,13.0,26.0,2.0,42.0,2.0,0.0,0.0,76.0,23.0,2.0,.264,.403,.628,1.031,.288,9.31,676.0,25.0,22.0,679.0,541.0,179.0,30.0,2.0,53.0,124.0,36.0,160.0,7.0,7.0,0.0,372.0,114.0,16.0,.331,.457,.688,1.145,.376,10.21,2631.0,84.0,125.0,2025
668227,Randy Arozarena,136,Seattle Mariners,,LF,2026,146.0,125.0,34.0,9.0,1.0,3.0,16.0,0.0,34.0,3.0,2.0,0.0,54.0,12.0,2.0,.272,.363,.432,.795,.344,41.67,607.0,34.0,25.0,709.0,613.0,146.0,32.0,1.0,27.0,64.0,2.0,191.0,27.0,5.0,0.0,261.0,76.0,9.0,.238,.334,.426,.760,.298,22.70,2873.0,125.0,156.0,2025
674370,Osvaldo Bido,145,Chicago White Sox,,P,2026,,,,,,,,,,,,,,,,,,,,,,,,,,,,,,,,,,,,,,,,,,,,,,,,,2025
670280,David Bednar,147,New York Yankees,,P,2026,,,,,,,,,,,,,,,,,,,,,,,,,,,,,,,,,,,,,,,,,,,,,,,,,2025
545361,Mike Trout,108,Los Angeles Angels,,CF,2026,157.0,120.0,31.0,5.0,0.0,10.0,34.0,4.0,37.0,3.0,0.0,0.0,66.0,21.0,2.0,.258,.433,.550,.983,.288,12.00,678.0,19.0,33.0,556.0,456.0,106.0,14.0,1.0,26.0,87.0,10.0,178.0,6.0,6.0,0.0,200.0,64.0,7.0,.232,.359,.439,.798,.310,17.54,2482.0,66.0,112.0,2025
676428,Brant Hurter,116,Detroit Tigers,,P,2026,,,,,,,,,,,,,,,,,,,,,,,,,,,,,,,,,,,,,,,,,,,,,,,,,2025
666200,Jesús Luzardo,143,Philadelphia Phillies,,P,2026,,,,,,,,,,,,,,,,,,,,,,,,,,,,,,,,,,,,,,,,,,,,,,,,,2025
676440,Tanner Bibee,114,Cleveland Guardians,,P,2026,,,,,,,,,,,,,,,,,,,,,,,,,,,,,,,,,,,,,,,,,,,,,,,,,2025
686681,Michael Massey,118,Kansas City Royals,,2B,2026,67.0,62.0,12.0,5.0,0.0,1.0,3.0,0.0,18.0,0.0,2.0,0.0,20.0,7.0,1.0,.194,.224,.323,.547,.244,62.00,268.0,11.0,23.0,277.0,262.0,64.0,9.0,0.0,3.0,9.0,0.0,43.0,1.0,4.0,1.0,82.0,20.0,3.0,.244,.268,.313,.581,.277,87.33,1013.0,48.0,112.0,2025
670329,Rico Garcia,110,Baltimore Orioles,,P,2026,,,,,,,,,,,,,,,,,,,,,,,,,,,,,,,,,,,,,,,,,,,,,,,,,2025
571970,Max Muncy,119,Los Angeles Dodgers,,3B,2026,127.0,110.0,33.0,5.0,0.0,9.0,17.0,1.0,29.0,0.0,0.0,0.0,65.0,13.0,1.0,.300,.394,.591,.985,.333,12.22,516.0,25.0,23.0,388.0,313.0,76.0,10.0,2.0,19.0,64.0,2.0,83.0,6.0,5.0,0.0,147.0,67.0,4.0,.243,.376,.470,.846,.264,16.47,1650.0,61.0,98.0,2025
676477,Garrett Whitlock,111,Boston Red Sox,,P,2026,,,,,,,,,,,,,,,,,,,,,,,,,0.0,0.0,0.0,0.0,0.0,0.0,0.0,0.0,0.0,0.0,0.0,0.0,0.0,0.0,0.0,.000,.000,.000,.000,.---,-.--,0.0,0.0,0.0,2025
641680,Jonah Heim,144,Atlanta Braves,,C,2026,45.0,39.0,9.0,4.0,0.0,1.0,5.0,0.0,5.0,0.0,1.0,0.0,16.0,8.0,1.0,.231,.311,.410,.721,.235,39.00,160.0,13.0,13.0,433.0,395.0,84.0,14.0,0.0,11.0,32.0,0.0,88.0,1.0,4.0,1.0,131.0,43.0,10.0,.213,.271,.332,.603,.243,35.91,1704.0,106.0,122.0,2025
666277,George Soriano,138,St. Louis Cardinals,,P,2026,0.0,0.0,0.0,0.0,0.0,0.0,0.0,0.0,0.0,0.0,0.0,0.0,0.0,0.0,0.0,.000,.000,.000,.000,.---,-.--,0.0,0.0,0.0,,,,,,,,,,,,,,,,,,,,,,,,,2025
682663,Agustín Ramírez,146,Miami Marlins,,C,2026,129.0,113.0,26.0,5.0,1.0,2.0,13.0,1.0,28.0,2.0,1.0,0.0,39.0,14.0,5.0,.230,.318,.345,.663,.286,56.50,494.0,35.0,25.0,585.0,537.0,124.0,33.0,1.0,21.0,36.0,2.0,113.0,8.0,4.0,0.0,222.0,67.0,13.0,.231,.287,.413,.700,.253,25.57,2122.0,161.0,143.0,2025
682668,Luisangel Acuña,145,Chicago White Sox,,CF,2026,86.0,77.0,13.0,1.0,0.0,0.0,6.0,0.0,14.0,1.0,1.0,1.0,14.0,3.0,3.0,.169,.235,.182,.417,.203,-.--,317.0,33.0,19.0,193.0,175.0,41.0,7.0,0.0,0.0,13.0,0.0,37.0,2.0,1.0,2.0,48.0,8.0,6.0,.234,.293,.274,.567,.295,-.--,687.0,58.0,42.0,2025
516782,Starling Marte,118,Kansas City Royals,,RF,2026,35.0,33.0,10.0,3.0,0.0,0.0,0.0,0.0,10.0,1.0,1.0,0.0,13.0,2.0,1.0,.303,.314,.394,.708,.417,-.--,138.0,7.0,7.0,329.0,293.0,79.0,14.0,0.0,9.0,22.0,0.0,68.0,9.0,4.0,1.0,120.0,34.0,7.0,.270,.335,.410,.745,.318,32.56,1255.0,83.0,68.0,2025
676475,Alec Burleson,138,St. Louis Cardinals,,1B,2026,147.0,129.0,36.0,9.0,0.0,5.0,17.0,2.0,20.0,0.0,1.0,0.0,60.0,28.0,4.0,.279,.361,.465,.826,.295,25.80,530.0,41.0,33.0,546.0,497.0,144.0,26.0,2.0,18.0,39.0,1.0,79.0,3.0,4.0,1.0,228.0,69.0,14.0,.290,.343,.459,.802,.312,27.61,1933.0,119.0,160.0,2025
621237,José Alvarado,143,Philadelphia Phillies,,P,2026,,,,,,,,,,,,,,,,,,,,,,,,,,,,,,,,,,,,,,,,,,,,,,,,,2025
676534,Calvin Faucher,146,Miami Marlins,,P,2026,,,,,,,,,,,,,,,,,,,,,,,,,,,,,,,,,,,,,,,,,,,,,,,,,2025
686780,Pedro Pagés,138,St. Louis Cardinals,,C,2026,80.0,73.0,18.0,3.0,0.0,3.0,3.0,0.0,19.0,2.0,1.0,1.0,30.0,8.0,3.0,.247,.291,.411,.702,.288,24.33,313.0,18.0,20.0,389.0,361.0,83.0,15.0,0.0,11.0,19.0,1.0,107.0,3.0,3.0,3.0,131.0,45.0,9.0,.230,.272,.363,.635,.293,32.82,1486.0,87.0,90.0,2025
682657,Angel Martínez,114,Cleveland Guardians,,LF,2026,110.0,102.0,28.0,6.0,0.0,5.0,3.0,0.0,21.0,2.0,1.0,2.0,49.0,16.0,2.0,.275,.306,.480,.786,.299,20.40,446.0,25.0,31.0,484.0,446.0,100.0,23.0,2.0,11.0,23.0,0.0,110.0,6.0,4.0,5.0,160.0,45.0,8.0,.224,.269,.359,.628,.271,40.54,1797.0,100.0,145.0,2025
660162,Yoán Moncada,108,Los Angeles Angels,,3B,2026,105.0,88.0,16.0,1.0,1.0,3.0,15.0,0.0,37.0,2.0,0.0,0.0,28.0,9.0,1.0,.182,.314,.318,.632,.271,29.33,449.0,15.0,20.0,289.0,248.0,58.0,13.0,2.0,12.0,32.0,1.0,75.0,7.0,2.0,0.0,111.0,35.0,4.0,.234,.336,.448,.784,.282,20.67,1128.0,48.0,69.0,2025
666310,Bo Naylor,114,Cleveland Guardians,,C,2026,80.0,74.0,10.0,2.0,0.0,1.0,6.0,0.0,19.0,0.0,0.0,0.0,15.0,4.0,2.0,.135,.200,.203,.403,.167,74.00,348.0,16.0,29.0,414.0,359.0,70.0,22.0,1.0,14.0,45.0,0.0,99.0,1.0,6.0,3.0,136.0,47.0,4.0,.195,.282,.379,.661,.222,25.64,1681.0,72.0,127.0,2025
672456,Keider Montero,116,Detroit Tigers,,P,2026,,,,,,,,,,,,,,,,,,,,,,,,,,,,,,,,,,,,,,,,,,,,,,,,,2025
678606,Jose A. Ferrer,136,Seattle Mariners,,P,2026,,,,,,,,,,,,,,,,,,,,,,,,,0.0,0.0,0.0,0.0,0.0,0.0,0.0,0.0,0.0,0.0,0.0,0.0,0.0,0.0,0.0,.000,.000,.000,.000,.---,-.--,0.0,0.0,0.0,2025
686799,Jack Kochanowicz,108,Los Angeles Angels,,P,2026,,,,,,,,,,,,,,,,,,,,,,,,,,,,,,,,,,,,,,,,,,,,,,,,,2025
676568,Ricky Vanasco,116,Detroit Tigers,,P,2026,,,,,,,,,,,,,,,,,,,,,,,,,,,,,,,,,,,,,,,,,,,,,,,,,2025
527048,Martín Pérez,144,Atlanta Braves,,P,2026,,,,,,,,,,,,,,,,,,,,,,,,,,,,,,,,,,,,,,,,,,,,,,,,,2025
664285,Framber Valdez,116,Detroit Tigers,,P,2026,,,,,,,,,,,,,,,,,,,,,,,,,,,,,,,,,,,,,,,,,,,,,,,,,2025
641755,Tyler Kinley,144,Atlanta Braves,,P,2026,,,,,,,,,,,,,,,,,,,,,,,,,,,,,,,,,,,,,,,,,,,,,,,,,2025
641743,Anthony Kay,145,Chicago White Sox,,P,2026,,,,,,,,,,,,,,,,,,,,,,,,,,,,,,,,,,,,,,,,,,,,,,,,,2025
662253,Andrés Muñoz,136,Seattle Mariners,,P,2026,,,,,,,,,,,,,,,,,,,,,,,,,,,,,,,,,,,,,,,,,,,,,,,,,2025
641745,Brad Keller,143,Philadelphia Phillies,,P,2026,,,,,,,,,,,,,,,,,,,,,,,,,,,,,,,,,,,,,,,,,,,,,,,,,2025
572143,Burch Smith,116,Detroit Tigers,,P,2026,,,,,,,,,,,,,,,,,,,,,,,,,,,,,,,,,,,,,,,,,,,,,,,,,2025
688883,Peyton Pallette,114,Cleveland Guardians,,P,2026,,,,,,,,,,,,,,,,,,,,,,,,,,,,,,,,,,,,,,,,,,,,,,,,,2025
680694,Kyle Bradish,110,Baltimore Orioles,,P,2026,,,,,,,,,,,,,,,,,,,,,,,,,,,,,,,,,,,,,,,,,,,,,,,,,2025
676617,Riley O'Brien,138,St. Louis Cardinals,,P,2026,,,,,,,,,,,,,,,,,,,,,,,,,,,,,,,,,,,,,,,,,,,,,,,,,2025
680704,Nick Sandlin,108,Los Angeles Angels,,P,2026,,,,,,,,,,,,,,,,,,,,,,,,,0.0,0.0,0.0,0.0,0.0,0.0,0.0,0.0,0.0,0.0,0.0,0.0,0.0,0.0,0.0,.000,.000,.000,.000,.---,-.--,0.0,0.0,0.0,2025
676609,José Caballero,147,New York Yankees,,SS,2026,124.0,116.0,30.0,5.0,0.0,4.0,5.0,0.0,27.0,3.0,0.0,0.0,47.0,12.0,6.0,.259,.306,.405,.711,.306,29.00,480.0,36.0,23.0,370.0,314.0,74.0,18.0,1.0,5.0,47.0,0.0,98.0,3.0,2.0,4.0,109.0,36.0,1.0,.236,.339,.347,.686,.324,62.80,1501.0,61.0,87.0,2025
592663,J.T. Realmuto,143,Philadelphia Phillies,,C,2026,68.0,60.0,15.0,2.0,0.0,1.0,5.0,0.0,12.0,2.0,1.0,0.0,20.0,5.0,1.0,.250,.324,.333,.657,.292,60.00,269.0,15.0,19.0,550.0,502.0,129.0,26.0,1.0,12.0,35.0,1.0,129.0,9.0,3.0,0.0,193.0,52.0,13.0,.257,.315,.384,.699,.321,41.83,2196.0,124.0,123.0,2025
680732,Sean Burke,145,Chicago White Sox,,P,2026,,,,,,,,,,,,,,,,,,,,,,,,,,,,,,,,,,,,,,,,,,,,,,,,,2025
680736,Justin Wrobleski,119,Los Angeles Dodgers,,P,2026,,,,,,,,,,,,,,,,,,,,,,,,,,,,,,,,,,,,,,,,,,,,,,,,,2025
690976,Alex Freeland,119,Los Angeles Dodgers,,2B,2026,92.0,82.0,19.0,4.0,0.0,1.0,7.0,0.0,27.0,0.0,1.0,2.0,26.0,6.0,2.0,.232,.289,.317,.606,.327,82.00,374.0,26.0,13.0,97.0,84.0,16.0,2.0,1.0,2.0,11.0,0.0,35.0,1.0,0.0,1.0,26.0,6.0,3.0,.190,.292,.310,.602,.298,42.00,429.0,13.0,21.0,2025
680742,Jonathan Bowlan,143,Philadelphia Phillies,,P,2026,,,,,,,,,,,,,,,,,,,,,,,,,,,,,,,,,,,,,,,,,,,,,,,,,2025
690984,Petey Halpin,114,Cleveland Guardians,,CF,2026,5.0,5.0,0.0,0.0,0.0,0.0,0.0,0.0,1.0,0.0,0.0,0.0,0.0,0.0,0.0,.000,.000,.000,.000,.000,-.--,19.0,1.0,3.0,8.0,6.0,2.0,0.0,0.0,0.0,2.0,0.0,2.0,0.0,0.0,0.0,2.0,0.0,0.0,.333,.500,.333,.833,.500,-.--,33.0,1.0,1.0,2025
690986,Kyle Harrison,158,Milwaukee Brewers,,P,2026,,,,,,,,,,,,,,,,,,,,,,,,,,,,,,,,,,,,,,,,,,,,,,,,,2025
641835,Tim Mayza,143,Philadelphia Phillies,,P,2026,,,,,,,,,,,,,,,,,,,,,,,,,,,,,,,,,,,,,,,,,,,,,,,,,2025
660271,Shohei Ohtani,119,Los Angeles Dodgers,,TWP,2026,153.0,122.0,30.0,6.0,0.0,6.0,24.0,6.0,36.0,4.0,2.0,0.0,54.0,13.0,3.0,.246,.382,.443,.825,.293,20.33,583.0,27.0,31.0,727.0,611.0,172.0,25.0,9.0,55.0,109.0,20.0,187.0,3.0,2.0,0.0,380.0,102.0,9.0,.282,.392,.622,1.014,.315,11.11,2865.0,120.0,134.0,2025
690993,Colt Keith,116,Detroit Tigers,,3B,2026,104.0,99.0,31.0,7.0,0.0,0.0,5.0,0.0,21.0,0.0,0.0,0.0,38.0,6.0,2.0,.313,.346,.384,.730,.397,-.--,383.0,22.0,25.0,468.0,414.0,106.0,22.0,2.0,13.0,48.0,1.0,102.0,2.0,4.0,0.0,171.0,45.0,7.0,.256,.333,.413,.746,.307,31.85,1826.0,87.0,123.0,2025
641857,Ryan McMahon,147,New York Yankees,,3B,2026,90.0,80.0,16.0,2.0,0.0,2.0,10.0,0.0,28.0,0.0,0.0,0.0,24.0,8.0,3.0,.200,.289,.300,.589,.280,40.00,365.0,18.0,18.0,586.0,509.0,109.0,23.0,1.0,20.0,70.0,1.0,189.0,4.0,3.0,0.0,194.0,53.0,7.0,.214,.312,.381,.693,.294,25.45,2500.0,106.0,108.0,2025
672580,Maikel Garcia,118,Kansas City Royals,,3B,2026,141.0,126.0,34.0,9.0,1.0,3.0,13.0,0.0,24.0,0.0,2.0,0.0,54.0,13.0,2.0,.270,.333,.429,.762,.307,42.00,542.0,29.0,41.0,666.0,595.0,170.0,39.0,5.0,16.0,62.0,0.0,84.0,1.0,5.0,3.0,267.0,74.0,14.0,.286,.351,.449,.800,.308,37.19,2519.0,168.0,181.0,2025
621381,Matt Strahm,118,Kansas City Royals,,P,2026,,,,,,,,,,,,,,,,,,,,,,,,,,,,,,,,,,,,,,,,,,,,,,,,,2025
691011,Drew Romo,145,Chicago White Sox,,C,2026,16.0,10.0,3.0,0.0,0.0,3.0,5.0,0.0,3.0,1.0,0.0,0.0,12.0,4.0,0.0,.300,.563,1.200,1.763,.000,3.33,64.0,4.0,0.0,3.0,3.0,0.0,0.0,0.0,0.0,0.0,0.0,3.0,0.0,0.0,0.0,0.0,0.0,0.0,.000,.000,.000,.000,.---,-.--,12.0,0.0,0.0,2025
680776,Jarren Duran,111,Boston Red Sox,,LF,2026,122.0,113.0,21.0,5.0,0.0,3.0,8.0,0.0,30.0,1.0,0.0,0.0,35.0,15.0,0.0,.186,.246,.310,.556,.225,37.67,440.0,32.0,30.0,696.0,620.0,159.0,41.0,13.0,16.0,60.0,1.0,169.0,12.0,3.0,1.0,274.0,84.0,6.0,.256,.332,.442,.774,.326,38.75,2624.0,137.0,159.0,2025
621383,Tanner Banks,143,Philadelphia Phillies,,P,2026,,,,,,,,,,,,,,,,,,,,,,,,,,,,,,,,,,,,,,,,,,,,,,,,,2025
514888,Jose Altuve,117,Houston Astros,,2B,2026,143.0,125.0,31.0,9.0,0.0,3.0,17.0,1.0,25.0,0.0,0.0,1.0,49.0,8.0,5.0,.248,.338,.392,.730,.289,41.67,500.0,43.0,27.0,654.0,588.0,156.0,24.0,1.0,26.0,55.0,5.0,109.0,4.0,6.0,1.0,260.0,77.0,20.0,.265,.329,.442,.771,.283,22.62,2314.0,149.0,181.0,2025
572233,Christian Walker,117,Houston Astros,,1B,2026,144.0,126.0,40.0,9.0,0.0,8.0,15.0,1.0,25.0,2.0,1.0,0.0,73.0,26.0,5.0,.317,.396,.579,.975,.340,15.75,541.0,34.0,28.0,640.0,585.0,139.0,24.0,1.0,27.0,40.0,1.0,177.0,11.0,4.0,0.0,246.0,88.0,10.0,.238,.297,.421,.718,.291,21.67,2513.0,111.0,162.0,2025
670541,Yordan Alvarez,117,Houston Astros,,LF,2026,158.0,132.0,43.0,9.0,0.0,12.0,22.0,6.0,18.0,3.0,1.0,0.0,88.0,27.0,1.0,.326,.430,.667,1.097,.301,11.00,586.0,27.0,45.0,199.0,165.0,45.0,8.0,0.0,6.0,28.0,5.0,33.0,0.0,6.0,0.0,71.0,27.0,1.0,.273,.367,.430,.797,.295,27.50,803.0,34.0,59.0,2025
691026,Masyn Winn,138,St. Louis Cardinals,,SS,2026,125.0,110.0,30.0,6.0,1.0,1.0,11.0,0.0,25.0,3.0,1.0,0.0,41.0,13.0,1.0,.273,.352,.373,.725,.341,110.00,510.0,26.0,30.0,537.0,491.0,124.0,27.0,0.0,9.0,34.0,0.0,102.0,8.0,2.0,2.0,178.0,51.0,11.0,.253,.310,.363,.673,.301,54.56,2256.0,107.0,162.0,2025
680757,Steven Kwan,114,Cleveland Guardians,,CF,2026,145.0,125.0,28.0,5.0,0.0,1.0,16.0,1.0,17.0,2.0,1.0,1.0,36.0,9.0,4.0,.224,.319,.288,.607,.250,125.00,563.0,41.0,41.0,693.0,625.0,170.0,29.0,1.0,11.0,55.0,2.0,60.0,3.0,7.0,3.0,234.0,56.0,3.0,.272,.330,.374,.704,.283,56.82,2786.0,167.0,238.0,2025
691023,Jordan Walker,138,St. Louis Cardinals,,RF,2026,142.0,127.0,39.0,6.0,0.0,10.0,13.0,0.0,41.0,1.0,1.0,0.0,75.0,27.0,2.0,.307,.373,.591,.964,.377,12.70,512.0,23.0,25.0,396.0,363.0,78.0,13.0,1.0,6.0,29.0,1.0,126.0,3.0,1.0,0.0,111.0,41.0,9.0,.215,.278,.306,.584,.310,60.50,1541.0,75.0,85.0,2025
682842,Abner Uribe,158,Milwaukee Brewers,,P,2026,,,,,,,,,,,,,,,,,,,,,,,,,,,,,,,,,,,,,,,,,,,,,,,,,2025
680802,Ryan Weiss,117,Houston Astros,,P,2026,,,,,,,,,,,,,,,,,,,,,,,,,,,,,,,,,,,,,,,,,,,,,,,,,2025
623454,Drew Anderson,116,Detroit Tigers,,P,2026,,,,,,,,,,,,,,,,,,,,,,,,,,,,,,,,,,,,,,,,,,,,,,,,,2025
445276,Kenley Jansen,116,Detroit Tigers,,P,2026,,,,,,,,,,,,,,,,,,,,,,,,,0.0,0.0,0.0,0.0,0.0,0.0,0.0,0.0,0.0,0.0,0.0,0.0,0.0,0.0,0.0,.000,.000,.000,.000,.---,-.--,0.0,0.0,0.0,2025
686948,Drake Baldwin,144,Atlanta Braves,,C,2026,161.0,143.0,45.0,5.0,0.0,8.0,15.0,1.0,32.0,3.0,0.0,0.0,74.0,29.0,5.0,.315,.391,.517,.908,.359,17.88,614.0,36.0,30.0,446.0,405.0,111.0,18.0,2.0,19.0,38.0,0.0,68.0,3.0,0.0,0.0,190.0,80.0,9.0,.274,.341,.469,.810,.289,21.32,1750.0,131.0,95.0,2025
656234,Jake Bird,147,New York Yankees,,P,2026,,,,,,,,,,,,,,,,,,,,,,,,,0.0,0.0,0.0,0.0,0.0,0.0,0.0,0.0,0.0,0.0,0.0,0.0,0.0,0.0,0.0,.000,.000,.000,.000,.---,-.--,0.0,0.0,0.0,2025
807799,Masataka Yoshida,111,Boston Red Sox,,LF,2026,61.0,50.0,14.0,3.0,0.0,0.0,10.0,0.0,7.0,1.0,0.0,0.0,17.0,5.0,0.0,.280,.410,.340,.750,.326,-.--,231.0,18.0,11.0,205.0,188.0,50.0,11.0,0.0,4.0,10.0,0.0,24.0,3.0,4.0,0.0,73.0,26.0,3.0,.266,.307,.388,.695,.280,47.00,715.0,73.0,45.0,2025
672640,Otto Lopez,146,Miami Marlins,,SS,2026,141.0,132.0,45.0,8.0,2.0,3.0,6.0,0.0,28.0,2.0,1.0,0.0,66.0,15.0,0.0,.341,.376,.500,.876,.412,44.00,511.0,32.0,28.0,594.0,544.0,134.0,21.0,0.0,15.0,44.0,2.0,82.0,3.0,3.0,0.0,200.0,77.0,9.0,.246,.305,.368,.673,.264,36.27,2129.0,174.0,157.0,2025
592773,Ryne Stanek,138,St. Louis Cardinals,,P,2026,,,,,,,,,,,,,,,,,,,,,,,,,0.0,0.0,0.0,0.0,0.0,0.0,0.0,0.0,0.0,0.0,0.0,0.0,0.0,0.0,0.0,.000,.000,.000,.000,.---,-.--,0.0,0.0,0.0,2025
641933,Tyler O'Neill,110,Baltimore Orioles,,RF,2026,54.0,44.0,9.0,0.0,0.0,1.0,8.0,0.0,12.0,2.0,0.0,0.0,12.0,4.0,0.0,.205,.352,.273,.625,.258,44.00,212.0,7.0,16.0,209.0,181.0,36.0,6.0,1.0,9.0,22.0,1.0,51.0,3.0,3.0,0.0,71.0,26.0,2.0,.199,.292,.392,.684,.218,20.11,821.0,35.0,62.0,2025
553869,Elias Díaz,118,Kansas City Royals,,C,2026,12.0,11.0,4.0,2.0,0.0,1.0,1.0,0.0,1.0,0.0,0.0,0.0,9.0,3.0,0.0,.364,.417,.818,1.235,.333,11.00,43.0,2.0,4.0,283.0,255.0,52.0,7.0,0.0,9.0,21.0,0.0,74.0,2.0,0.0,5.0,86.0,29.0,11.0,.204,.270,.337,.607,.250,28.33,1055.0,51.0,83.0,2025
502671,Paul Goldschmidt,147,New York Yankees,,1B,2026,41.0,35.0,6.0,4.0,0.0,1.0,5.0,0.0,8.0,1.0,0.0,0.0,13.0,6.0,0.0,.171,.293,.371,.664,.192,35.00,177.0,12.0,9.0,534.0,489.0,134.0,31.0,1.0,10.0,36.0,5.0,100.0,4.0,2.0,0.0,197.0,45.0,8.0,.274,.328,.403,.731,.325,48.90,2092.0,113.0,144.0,2025
701358,Cam Smith,117,Houston Astros,,RF,2026,137.0,118.0,27.0,6.0,0.0,4.0,14.0,0.0,38.0,2.0,2.0,0.0,45.0,17.0,4.0,.229,.316,.381,.697,.295,29.50,571.0,27.0,28.0,493.0,441.0,104.0,21.0,3.0,9.0,43.0,0.0,137.0,7.0,2.0,0.0,158.0,51.0,11.0,.236,.312,.358,.670,.320,49.00,2024.0,104.0,98.0,2025
805808,Kevin McGonigle,116,Detroit Tigers,,SS,2026,150.0,130.0,41.0,11.0,2.0,2.0,19.0,0.0,19.0,1.0,0.0,0.0,62.0,16.0,0.0,.315,.407,.477,.884,.358,65.00,623.0,20.0,50.0,,,,,,,,,,,,,,,,,,,,,,,,,2025
471911,Carlos Carrasco,144,Atlanta Braves,,P,2026,,,,,,,,,,,,,,,,,,,,,,,,,,,,,,,,,,,,,,,,,,,,,,,,,2025
605135,Chris Bassitt,110,Baltimore Orioles,,P,2026,,,,,,,,,,,,,,,,,,,,,,,,,,,,,,,,,,,,,,,,,,,,,,,,,2025
621493,Taylor Ward,110,Baltimore Orioles,,LF,2026,156.0,125.0,36.0,13.0,0.0,1.0,29.0,0.0,24.0,1.0,1.0,0.0,52.0,12.0,1.0,.288,.423,.416,.839,.347,125.00,683.0,30.0,36.0,663.0,579.0,132.0,31.0,2.0,36.0,75.0,1.0,175.0,3.0,6.0,0.0,275.0,103.0,13.0,.228,.317,.475,.792,.257,16.08,2788.0,112.0,166.0,2025
687064,Brandon Young,110,Baltimore Orioles,,P,2026,,,,,,,,,,,,,,,,,,,,,,,,,,,,,,,,,,,,,,,,,,,,,,,,,2025
672724,Oswald Peraza,108,Los Angeles Angels,,2B,2026,102.0,92.0,26.0,5.0,0.0,4.0,7.0,0.0,26.0,2.0,0.0,1.0,43.0,9.0,2.0,.283,.347,.467,.814,.355,23.00,384.0,23.0,18.0,265.0,244.0,40.0,6.0,0.0,5.0,17.0,0.0,80.0,2.0,1.0,0.0,61.0,20.0,6.0,.164,.223,.250,.473,.219,48.80,1005.0,70.0,55.0,2025
670623,Isaac Paredes,117,Houston Astros,,3B,2026,126.0,110.0,29.0,6.0,0.0,3.0,12.0,0.0,20.0,4.0,0.0,0.0,44.0,15.0,2.0,.264,.357,.400,.757,.299,36.67,557.0,15.0,46.0,438.0,378.0,96.0,15.0,1.0,20.0,50.0,0.0,76.0,8.0,2.0,0.0,173.0,53.0,10.0,.254,.352,.458,.810,.268,18.90,1943.0,73.0,135.0,2025
701350,Roman Anthony,111,Boston Red Sox,,LF,2026,129.0,108.0,25.0,5.0,1.0,1.0,20.0,1.0,33.0,1.0,0.0,0.0,35.0,5.0,0.0,.231,.357,.324,.681,.324,108.00,542.0,28.0,22.0,303.0,257.0,75.0,18.0,1.0,8.0,40.0,0.0,84.0,5.0,1.0,0.0,119.0,32.0,2.0,.292,.396,.463,.859,.404,32.12,1283.0,62.0,37.0,2025
607192,Tyler Glasnow,119,Los Angeles Dodgers,,P,2026,,,,,,,,,,,,,,,,,,,,,,,,,,,,,,,,,,,,,,,,,,,,,,,,,2025
607200,Erick Fedde,145,Chicago White Sox,,P,2026,,,,,,,,,,,,,,,,,,,,,,,,,,,,,,,,,,,,,,,,,,,,,,,,,2025
678882,Ceddanne Rafaela,111,Boston Red Sox,,CF,2026,117.0,106.0,27.0,4.0,2.0,1.0,6.0,0.0,27.0,5.0,0.0,0.0,38.0,10.0,5.0,.255,.325,.358,.683,.333,106.00,440.0,26.0,26.0,587.0,546.0,136.0,34.0,4.0,16.0,28.0,0.0,117.0,8.0,2.0,3.0,226.0,63.0,9.0,.249,.295,.414,.709,.289,34.12,2128.0,139.0,159.0,2025
607208,Trea Turner,143,Philadelphia Phillies,,SS,2026,148.0,136.0,33.0,6.0,0.0,4.0,12.0,0.0,29.0,0.0,0.0,0.0,51.0,11.0,3.0,.243,.304,.375,.679,.282,34.00,567.0,32.0,42.0,639.0,589.0,179.0,31.0,7.0,15.0,43.0,1.0,107.0,5.0,2.0,0.0,269.0,69.0,11.0,.304,.355,.457,.812,.350,39.27,2407.0,159.0,146.0,2025
687075,Brandon Sproat,158,Milwaukee Brewers,,P,2026,,,,,,,,,,,,,,,,,,,,,,,,,,,,,,,,,,,,,,,,,,,,,,,,,2025
691176,Jasson Domínguez,147,New York Yankees,,LF,2026,19.0,18.0,5.0,2.0,0.0,1.0,0.0,0.0,3.0,1.0,0.0,0.0,10.0,3.0,0.0,.278,.316,.556,.872,.286,18.00,68.0,8.0,2.0,429.0,381.0,98.0,18.0,1.0,10.0,41.0,1.0,115.0,3.0,4.0,0.0,148.0,47.0,5.0,.257,.331,.388,.719,.338,38.10,1692.0,80.0,92.0,2025
687093,Vaughn Grissom,108,Los Angeles Angels,,2B,2026,57.0,47.0,14.0,4.0,0.0,1.0,7.0,0.0,4.0,0.0,2.0,0.0,21.0,7.0,2.0,.298,.375,.447,.822,.295,47.00,206.0,17.0,14.0,,,,,,,,,,,,,,,,,,,,,,,,,2025
625643,Reynaldo López,144,Atlanta Braves,,P,2026,0.0,0.0,0.0,0.0,0.0,0.0,0.0,0.0,0.0,0.0,0.0,0.0,0.0,0.0,0.0,.000,.000,.000,.000,.---,-.--,0.0,0.0,0.0,,,,,,,,,,,,,,,,,,,,,,,,,2025
672761,Wenceel Pérez,116,Detroit Tigers,,RF,2026,61.0,56.0,9.0,1.0,0.0,2.0,5.0,0.0,6.0,0.0,0.0,0.0,16.0,5.0,0.0,.161,.230,.286,.516,.146,28.00,212.0,18.0,23.0,383.0,344.0,84.0,17.0,4.0,13.0,31.0,0.0,87.0,3.0,5.0,0.0,148.0,43.0,5.0,.244,.308,.430,.738,.285,26.46,1534.0,66.0,112.0,2025
678906,Kai-Wei Teng,117,Houston Astros,,P,2026,,,,,,,,,,,,,,,,,,,,,,,,,,,,,,,,,,,,,,,,,,,,,,,,,2025
519141,Drew Pomeranz,108,Los Angeles Angels,,P,2026,,,,,,,,,,,,,,,,,,,,,,,,,,,,,,,,,,,,,,,,,,,,,,,,,2025
682985,Riley Greene,116,Detroit Tigers,,LF,2026,145.0,124.0,36.0,8.0,0.0,4.0,21.0,0.0,39.0,0.0,0.0,0.0,56.0,19.0,2.0,.290,.393,.452,.845,.395,31.00,625.0,24.0,25.0,655.0,600.0,155.0,31.0,1.0,36.0,46.0,1.0,201.0,4.0,5.0,0.0,296.0,111.0,14.0,.258,.313,.493,.806,.323,16.67,2706.0,118.0,131.0,2025
689147,Orion Kerkering,143,Philadelphia Phillies,,P,2026,,,,,,,,,,,,,,,,,,,,,,,,,,,,,,,,,,,,,,,,,,,,,,,,,2025
683002,Gunnar Henderson,110,Baltimore Orioles,,SS,2026,153.0,139.0,29.0,6.0,1.0,9.0,12.0,0.0,48.0,1.0,1.0,0.0,64.0,19.0,1.0,.209,.275,.460,.735,.241,15.44,635.0,30.0,33.0,651.0,577.0,158.0,34.0,5.0,17.0,62.0,6.0,137.0,7.0,5.0,0.0,253.0,68.0,7.0,.274,.349,.438,.787,.329,33.94,2506.0,161.0,126.0,2025
668670,Jake Rogers,116,Detroit Tigers,,C,2026,37.0,33.0,6.0,2.0,1.0,0.0,1.0,0.0,10.0,1.0,2.0,0.0,10.0,4.0,0.0,.182,.216,.303,.519,.240,-.--,143.0,3.0,16.0,142.0,123.0,23.0,5.0,2.0,3.0,15.0,0.0,39.0,1.0,2.0,1.0,41.0,19.0,3.0,.187,.277,.333,.610,.241,41.00,570.0,34.0,30.0,2025
666624,Christopher Morel,146,Miami Marlins,,LF,2026,13.0,11.0,3.0,0.0,0.0,0.0,1.0,0.0,4.0,1.0,0.0,0.0,3.0,0.0,0.0,.273,.385,.273,.658,.429,-.--,38.0,3.0,1.0,305.0,278.0,61.0,16.0,0.0,11.0,25.0,0.0,109.0,2.0,0.0,0.0,110.0,33.0,8.0,.219,.289,.396,.685,.316,25.27,1177.0,40.0,68.0,2025
642048,Tayler Saucedo,108,Los Angeles Angels,,P,2026,,,,,,,,,,,,,,,,,,,,,,,,,,,,,,,,,,,,,,,,,,,,,,,,,2025
621566,Matt Olson,144,Atlanta Braves,,1B,2026,158.0,137.0,41.0,15.0,0.0,11.0,19.0,2.0,35.0,0.0,2.0,0.0,89.0,31.0,2.0,.299,.380,.650,1.030,.323,12.46,694.0,30.0,33.0,724.0,624.0,170.0,41.0,2.0,29.0,91.0,2.0,176.0,4.0,5.0,0.0,302.0,95.0,14.0,.272,.366,.484,.850,.333,21.52,3166.0,133.0,150.0,2025
668674,Lucas Erceg,118,Kansas City Royals,,P,2026,,,,,,,,,,,,,,,,,,,,,,,,,0.0,0.0,0.0,0.0,0.0,0.0,0.0,0.0,0.0,0.0,0.0,0.0,0.0,0.0,0.0,.000,.000,.000,.000,.---,-.--,0.0,0.0,0.0,2025
500743,Miguel Rojas,119,Los Angeles Dodgers,,SS,2026,56.0,50.0,15.0,3.0,0.0,1.0,4.0,0.0,8.0,0.0,1.0,1.0,21.0,5.0,1.0,.300,.345,.420,.765,.333,50.00,193.0,16.0,13.0,317.0,290.0,76.0,18.0,0.0,7.0,24.0,1.0,46.0,0.0,0.0,3.0,115.0,27.0,7.0,.262,.318,.397,.715,.291,41.43,1166.0,83.0,88.0,2025
676879,Aaron Ashby,158,Milwaukee Brewers,,P,2026,,,,,,,,,,,,,,,,,,,,,,,,,,,,,,,,,,,,,,,,,,,,,,,,,2025
642086,Dominic Smith,144,Atlanta Braves,,1B,2026,72.0,66.0,22.0,2.0,0.0,4.0,3.0,0.0,9.0,1.0,1.0,1.0,36.0,17.0,1.0,.333,.366,.545,.911,.333,16.50,252.0,14.0,23.0,225.0,204.0,58.0,12.0,0.0,5.0,15.0,0.0,42.0,2.0,4.0,0.0,85.0,33.0,5.0,.284,.333,.417,.750,.329,40.80,848.0,46.0,62.0,2025
656427,Jack Flaherty,116,Detroit Tigers,,P,2026,,,,,,,,,,,,,,,,,,,,,,,,,,,,,,,,,,,,,,,,,,,,,,,,,2025
642100,Gabe Speier,136,Seattle Mariners,,P,2026,0.0,0.0,0.0,0.0,0.0,0.0,0.0,0.0,0.0,0.0,0.0,0.0,0.0,0.0,0.0,.000,.000,.000,.000,.---,-.--,0.0,0.0,0.0,,,,,,,,,,,,,,,,,,,,,,,,,2025
595014,Blake Treinen,119,Los Angeles Dodgers,,P,2026,,,,,,,,,,,,,,,,,,,,,,,,,,,,,,,,,,,,,,,,,,,,,,,,,2025
695336,Thomas Saggese,138,St. Louis Cardinals,,LF,2026,57.0,53.0,9.0,2.0,0.0,0.0,4.0,0.0,19.0,0.0,0.0,0.0,11.0,2.0,2.0,.170,.228,.208,.436,.265,-.--,230.0,12.0,13.0,295.0,275.0,71.0,17.0,0.0,2.0,16.0,0.0,83.0,1.0,2.0,1.0,94.0,25.0,5.0,.258,.299,.342,.641,.359,137.50,1184.0,57.0,67.0,2025
693307,Dillon Dingler,116,Detroit Tigers,,C,2026,114.0,101.0,26.0,6.0,0.0,6.0,7.0,0.0,19.0,4.0,0.0,0.0,50.0,23.0,5.0,.257,.330,.495,.825,.263,16.83,449.0,30.0,26.0,469.0,435.0,121.0,21.0,2.0,13.0,23.0,2.0,110.0,9.0,1.0,0.0,185.0,57.0,5.0,.278,.327,.425,.752,.345,33.46,1793.0,91.0,114.0,2025
646241,Enmanuel De Jesus,116,Detroit Tigers,,P,2026,,,,,,,,,,,,,,,,,,,,,,,,,,,,,,,,,,,,,,,,,,,,,,,,,2025
701542,Will Warren,147,New York Yankees,,P,2026,,,,,,,,,,,,,,,,,,,,,,,,,,,,,,,,,,,,,,,,,,,,,,,,,2025
695380,Alex Hoppe,136,Seattle Mariners,,P,2026,,,,,,,,,,,,,,,,,,,,,,,,,,,,,,,,,,,,,,,,,,,,,,,,,2025
519242,Chris Sale,144,Atlanta Braves,,P,2026,,,,,,,,,,,,,,,,,,,,,,,,,,,,,,,,,,,,,,,,,,,,,,,,,2025
676974,Max Meyer,146,Miami Marlins,,P,2026,,,,,,,,,,,,,,,,,,,,,,,,,,,,,,,,,,,,,,,,,,,,,,,,,2025
687221,Dalton Rushing,119,Los Angeles Dodgers,,C,2026,57.0,50.0,17.0,2.0,0.0,7.0,4.0,0.0,15.0,3.0,0.0,0.0,40.0,17.0,1.0,.340,.421,.800,1.221,.357,7.14,193.0,7.0,11.0,155.0,142.0,29.0,5.0,0.0,4.0,10.0,0.0,58.0,1.0,2.0,0.0,46.0,24.0,1.0,.204,.258,.324,.582,.305,35.50,600.0,22.0,35.0,2025
547973,Aroldis Chapman,111,Boston Red Sox,,P,2026,0.0,0.0,0.0,0.0,0.0,0.0,0.0,0.0,0.0,0.0,0.0,0.0,0.0,0.0,0.0,.000,.000,.000,.000,.---,-.--,0.0,0.0,0.0,0.0,0.0,0.0,0.0,0.0,0.0,0.0,0.0,0.0,0.0,0.0,0.0,0.0,0.0,0.0,.000,.000,.000,.000,.---,-.--,0.0,0.0,0.0,2025
543877,Christian Vázquez,117,Houston Astros,,C,2026,60.0,54.0,18.0,4.0,0.0,2.0,5.0,0.0,9.0,0.0,0.0,1.0,28.0,11.0,1.0,.333,.390,.519,.909,.372,27.00,254.0,16.0,12.0,214.0,190.0,36.0,7.0,0.0,3.0,18.0,0.0,35.0,4.0,2.0,0.0,52.0,14.0,3.0,.189,.271,.274,.545,.214,63.33,833.0,48.0,73.0,2025
689296,Anthony Nunez,110,Baltimore Orioles,,P,2026,,,,,,,,,,,,,,,,,,,,,,,,,,,,,,,,,,,,,,,,,,,,,,,,,2025
664728,Kyle Isbel,118,Kansas City Royals,,CF,2026,95.0,83.0,24.0,4.0,0.0,3.0,5.0,0.0,22.0,3.0,0.0,4.0,37.0,8.0,0.0,.289,.352,.446,.798,.362,27.67,349.0,20.0,21.0,409.0,368.0,94.0,16.0,4.0,4.0,23.0,0.0,74.0,2.0,3.0,13.0,130.0,33.0,7.0,.255,.301,.353,.654,.307,92.00,1470.0,119.0,97.0,2025
656537,Derek Hill,145,Chicago White Sox,,RF,2026,44.0,38.0,10.0,0.0,0.0,2.0,5.0,0.0,14.0,0.0,0.0,1.0,16.0,3.0,1.0,.263,.349,.421,.770,.364,19.00,158.0,10.0,5.0,149.0,134.0,29.0,6.0,0.0,3.0,9.0,0.0,48.0,3.0,0.0,3.0,44.0,11.0,3.0,.216,.281,.328,.609,.313,44.67,579.0,32.0,28.0,2025
642201,Eli White,144,Atlanta Braves,,CF,2026,53.0,50.0,11.0,1.0,1.0,2.0,2.0,0.0,10.0,0.0,1.0,0.0,20.0,9.0,0.0,.220,.245,.400,.645,.231,25.00,200.0,18.0,12.0,271.0,256.0,60.0,8.0,3.0,10.0,11.0,1.0,70.0,2.0,1.0,1.0,104.0,35.0,2.0,.234,.270,.406,.676,.282,25.60,1001.0,61.0,67.0,2025
687263,Zach Neto,108,Los Angeles Angels,,SS,2026,163.0,139.0,30.0,8.0,0.0,5.0,22.0,1.0,52.0,2.0,0.0,0.0,53.0,15.0,0.0,.216,.331,.381,.712,.305,27.80,674.0,24.0,33.0,554.0,502.0,129.0,29.0,1.0,26.0,33.0,6.0,149.0,14.0,3.0,2.0,238.0,62.0,5.0,.257,.319,.474,.793,.312,19.31,2171.0,96.0,133.0,2025
656550,Grant Holmes,144,Atlanta Braves,,P,2026,,,,,,,,,,,,,,,,,,,,,,,,,,,,,,,,,,,,,,,,,,,,,,,,,2025
650402,Gleyber Torres,116,Detroit Tigers,,2B,2026,144.0,116.0,30.0,2.0,0.0,2.0,25.0,0.0,22.0,1.0,2.0,0.0,38.0,11.0,2.0,.259,.389,.328,.717,.298,58.00,616.0,38.0,28.0,628.0,532.0,136.0,22.0,0.0,16.0,85.0,0.0,101.0,4.0,7.0,0.0,206.0,74.0,11.0,.256,.358,.387,.745,.284,33.25,2652.0,130.0,172.0,2025
642215,Weston Wilson,110,Baltimore Orioles,,3B,2026,21.0,17.0,5.0,1.0,0.0,0.0,3.0,0.0,6.0,1.0,0.0,0.0,6.0,2.0,0.0,.294,.429,.353,.782,.455,-.--,95.0,2.0,4.0,125.0,111.0,22.0,4.0,0.0,5.0,12.0,0.0,34.0,1.0,0.0,1.0,41.0,17.0,1.0,.198,.282,.369,.651,.236,22.20,536.0,30.0,26.0,2025
681082,Bryson Stott,143,Philadelphia Phillies,,2B,2026,106.0,97.0,20.0,2.0,2.0,2.0,6.0,0.0,19.0,1.0,0.0,2.0,32.0,11.0,1.0,.206,.260,.330,.590,.237,48.50,415.0,30.0,30.0,560.0,499.0,128.0,22.0,3.0,13.0,54.0,1.0,91.0,1.0,4.0,2.0,195.0,66.0,4.0,.257,.328,.391,.719,.288,38.38,2466.0,116.0,170.0,2025
642232,Ryan Yarbrough,147,New York Yankees,,P,2026,,,,,,,,,,,,,,,,,,,,,,,,,,,,,,,,,,,,,,,,,,,,,,,,,2025
693433,Bryan Woo,136,Seattle Mariners,,P,2026,,,,,,,,,,,,,,,,,,,,,,,,,,,,,,,,,,,,,,,,,,,,,,,,,2025
664761,Alec Bohm,143,Philadelphia Phillies,,3B,2026,131.0,117.0,19.0,3.0,0.0,1.0,9.0,0.0,22.0,2.0,3.0,0.0,25.0,15.0,1.0,.162,.229,.214,.443,.186,117.00,473.0,42.0,37.0,504.0,464.0,133.0,18.0,3.0,11.0,29.0,0.0,82.0,5.0,6.0,0.0,190.0,59.0,16.0,.287,.331,.409,.740,.324,42.18,1801.0,140.0,115.0,2025
666808,Camilo Doval,147,New York Yankees,,P,2026,,,,,,,,,,,,,,,,,,,,,,,,,,,,,,,,,,,,,,,,,,,,,,,,,2025
677053,Andrew Nardi,146,Miami Marlins,,P,2026,,,,,,,,,,,,,,,,,,,,,,,,,,,,,,,,,,,,,,,,,,,,,,,,,2025
656582,Connor Joe,136,Seattle Mariners,,1B,2026,21.0,19.0,4.0,1.0,0.0,1.0,2.0,0.0,6.0,0.0,0.0,0.0,8.0,3.0,1.0,.211,.286,.421,.707,.250,19.00,89.0,2.0,7.0,80.0,70.0,13.0,4.0,0.0,0.0,7.0,0.0,20.0,1.0,2.0,0.0,17.0,4.0,2.0,.186,.263,.243,.506,.250,-.--,334.0,16.0,23.0,2025
695506,Jac Caglianone,118,Kansas City Royals,,RF,2026,110.0,98.0,25.0,5.0,1.0,3.0,10.0,0.0,34.0,2.0,0.0,0.0,41.0,7.0,1.0,.255,.336,.418,.754,.361,32.67,409.0,24.0,15.0,232.0,210.0,33.0,6.0,1.0,7.0,18.0,0.0,52.0,4.0,0.0,0.0,62.0,18.0,4.0,.157,.237,.295,.532,.172,30.00,858.0,67.0,58.0,2025
605400,Aaron Nola,143,Philadelphia Phillies,,P,2026,,,,,,,,,,,,,,,,,,,,,,,,,,,,,,,,,,,,,,,,,,,,,,,,,2025
683232,Nick Mears,118,Kansas City Royals,,P,2026,,,,,,,,,,,,,,,,,,,,,,,,,,,,,,,,,,,,,,,,,,,,,,,,,2025
656555,Rhys Hoskins,114,Cleveland Guardians,,1B,2026,94.0,75.0,16.0,6.0,0.0,2.0,17.0,0.0,28.0,1.0,1.0,0.0,28.0,10.0,2.0,.213,.362,.373,.735,.304,37.50,421.0,12.0,20.0,328.0,279.0,66.0,12.0,1.0,12.0,38.0,2.0,91.0,5.0,6.0,0.0,116.0,43.0,6.0,.237,.332,.416,.748,.297,23.25,1429.0,41.0,87.0,2025
670950,Trevor Richards,143,Philadelphia Phillies,,P,2026,,,,,,,,,,,,,,,,,,,,,,,,,0.0,0.0,0.0,0.0,0.0,0.0,0.0,0.0,0.0,0.0,0.0,0.0,0.0,0.0,0.0,.000,.000,.000,.000,.---,-.--,0.0,0.0,0.0,2025
701675,Nathan Church,138,St. Louis Cardinals,,LF,2026,104.0,97.0,24.0,3.0,0.0,5.0,4.0,0.0,24.0,1.0,2.0,0.0,42.0,16.0,2.0,.247,.279,.433,.712,.271,19.40,364.0,26.0,25.0,65.0,56.0,10.0,1.0,0.0,1.0,3.0,0.0,18.0,3.0,1.0,2.0,14.0,8.0,0.0,.179,.254,.250,.504,.237,56.00,257.0,20.0,11.0,2025
701678,Hao-Yu  Lee,116,Detroit Tigers,,3B,2026,36.0,33.0,7.0,2.0,0.0,1.0,3.0,0.0,12.0,0.0,0.0,0.0,12.0,5.0,0.0,.212,.278,.364,.642,.300,33.00,141.0,4.0,10.0,,,,,,,,,,,,,,,,,,,,,,,,,2025
656638,Alex Lange,118,Kansas City Royals,,P,2026,,,,,,,,,,,,,,,,,,,,,,,,,,,,,,,,,,,,,,,,,,,,,,,,,2025
701656,Logan Henderson,158,Milwaukee Brewers,,P,2026,,,,,,,,,,,,,,,,,,,,,,,,,,,,,,,,,,,,,,,,,,,,,,,,,2025
681217,Chase Silseth,108,Los Angeles Angels,,P,2026,,,,,,,,,,,,,,,,,,,,,,,,,,,,,,,,,,,,,,,,,,,,,,,,,2025
668930,Brice Turang,158,Milwaukee Brewers,,2B,2026,139.0,110.0,32.0,8.0,1.0,4.0,27.0,1.0,29.0,0.0,1.0,1.0,54.0,20.0,3.0,.291,.428,.491,.919,.359,27.50,586.0,30.0,21.0,659.0,584.0,168.0,28.0,2.0,18.0,66.0,1.0,150.0,2.0,5.0,2.0,254.0,81.0,3.0,.288,.359,.435,.794,.356,32.44,2772.0,132.0,141.0,2025
687363,Victor Scott II,138,St. Louis Cardinals,,CF,2026,99.0,84.0,14.0,1.0,0.0,1.0,7.0,0.0,27.0,1.0,1.0,6.0,18.0,5.0,2.0,.167,.237,.214,.451,.228,84.00,348.0,32.0,18.0,463.0,398.0,86.0,15.0,1.0,5.0,42.0,0.0,111.0,10.0,3.0,10.0,118.0,37.0,3.0,.216,.305,.296,.601,.284,79.60,1703.0,104.0,110.0,2025
668909,Gavin Williams,114,Cleveland Guardians,,P,2026,,,,,,,,,,,,,,,,,,,,,,,,,,,,,,,,,,,,,,,,,,,,,,,,,2025
689414,Liam Hicks,146,Miami Marlins,,C,2026,112.0,97.0,30.0,3.0,0.0,7.0,9.0,1.0,9.0,2.0,4.0,0.0,54.0,29.0,0.0,.309,.366,.557,.923,.271,13.86,420.0,29.0,33.0,390.0,332.0,82.0,13.0,1.0,6.0,43.0,0.0,56.0,9.0,3.0,3.0,115.0,45.0,5.0,.247,.346,.346,.692,.278,55.33,1537.0,101.0,99.0,2025
607481,Aaron Bummer,144,Atlanta Braves,,P,2026,,,,,,,,,,,,,,,,,,,,,,,,,,,,,,,,,,,,,,,,,,,,,,,,,2025
668939,Adley Rutschman,110,Baltimore Orioles,,C,2026,76.0,71.0,21.0,6.0,0.0,4.0,5.0,0.0,10.0,0.0,0.0,0.0,39.0,17.0,0.0,.296,.342,.549,.891,.298,17.75,295.0,18.0,22.0,365.0,322.0,71.0,16.0,2.0,9.0,40.0,0.0,57.0,1.0,2.0,0.0,118.0,29.0,8.0,.220,.307,.366,.673,.240,35.78,1491.0,93.0,103.0,2025
668941,JoJo Romero,138,St. Louis Cardinals,,P,2026,,,,,,,,,,,,,,,,,,,,,,,,,,,,,,,,,,,,,,,,,,,,,,,,,2025
687396,Brent Headrick,147,New York Yankees,,P,2026,,,,,,,,,,,,,,,,,,,,,,,,,,,,,,,,,,,,,,,,,,,,,,,,,2025
701719,Tyler Samaniego,111,Boston Red Sox,,P,2026,,,,,,,,,,,,,,,,,,,,,,,,,,,,,,,,,,,,,,,,,,,,,,,,,2025
687401,Joey Ortiz,158,Milwaukee Brewers,,SS,2026,83.0,72.0,13.0,0.0,0.0,0.0,8.0,0.0,17.0,0.0,1.0,2.0,13.0,8.0,1.0,.181,.259,.181,.440,.232,-.--,321.0,24.0,21.0,506.0,470.0,108.0,18.0,1.0,7.0,27.0,0.0,74.0,3.0,0.0,6.0,149.0,45.0,10.0,.230,.276,.317,.593,.260,67.14,1873.0,132.0,162.0,2025
677161,Zack Kelly,111,Boston Red Sox,,P,2026,,,,,,,,,,,,,,,,,,,,,,,,,,,,,,,,,,,,,,,,,,,,,,,,,2025
800048,Parker Messick,114,Cleveland Guardians,,P,2026,,,,,,,,,,,,,,,,,,,,,,,,,,,,,,,,,,,,,,,,,,,,,,,,,2025
800050,Chase DeLauter,114,Cleveland Guardians,,RF,2026,130.0,112.0,34.0,8.0,1.0,6.0,17.0,0.0,14.0,0.0,1.0,0.0,62.0,21.0,3.0,.304,.392,.554,.946,.301,18.67,510.0,25.0,40.0,,,,,,,,,,,,,,,,,,,,,,,,,2025
669003,Garrett Mitchell,158,Milwaukee Brewers,,CF,2026,114.0,91.0,21.0,6.0,1.0,1.0,21.0,1.0,41.0,1.0,0.0,1.0,32.0,21.0,0.0,.231,.381,.352,.733,.408,91.00,510.0,17.0,13.0,78.0,68.0,14.0,4.0,1.0,0.0,7.0,0.0,25.0,1.0,1.0,1.0,20.0,3.0,0.0,.206,.286,.294,.580,.318,-.--,303.0,17.0,14.0,2025
681293,Spencer Arrighetti,117,Houston Astros,,P,2026,,,,,,,,,,,,,,,,,,,,,,,,,,,,,,,,,,,,,,,,,,,,,,,,,2025
671056,Iván Herrera,138,St. Louis Cardinals,,C,2026,156.0,120.0,30.0,8.0,0.0,4.0,27.0,4.0,25.0,8.0,1.0,0.0,50.0,14.0,3.0,.250,.417,.417,.834,.283,30.00,629.0,37.0,29.0,452.0,388.0,110.0,13.0,0.0,19.0,43.0,1.0,84.0,15.0,4.0,0.0,180.0,66.0,20.0,.284,.373,.464,.837,.315,20.42,1809.0,115.0,83.0,2025
695600,Carter Jensen,118,Kansas City Royals,,C,2026,115.0,100.0,23.0,2.0,0.0,6.0,13.0,0.0,34.0,1.0,1.0,0.0,43.0,17.0,1.0,.230,.322,.430,.752,.279,16.67,487.0,15.0,29.0,69.0,60.0,18.0,6.0,0.0,3.0,9.0,0.0,12.0,0.0,0.0,0.0,33.0,13.0,1.0,.300,.391,.550,.941,.333,20.00,293.0,17.0,13.0,2025
669016,Brandon Marsh,143,Philadelphia Phillies,,LF,2026,114.0,106.0,33.0,7.0,0.0,4.0,5.0,0.0,24.0,1.0,2.0,0.0,52.0,18.0,2.0,.311,.342,.491,.833,.363,26.50,404.0,22.0,29.0,425.0,379.0,106.0,25.0,2.0,11.0,38.0,1.0,110.0,0.0,4.0,3.0,168.0,43.0,2.0,.280,.342,.443,.785,.363,34.46,1657.0,82.0,88.0,2025
650556,Bryan Abreu,117,Houston Astros,,P,2026,,,,,,,,,,,,,,,,,,,,,,,,,0.0,0.0,0.0,0.0,0.0,0.0,0.0,0.0,0.0,0.0,0.0,0.0,0.0,0.0,0.0,.000,.000,.000,.000,.---,-.--,0.0,0.0,0.0,2025
666969,Adolis García,143,Philadelphia Phillies,,RF,2026,133.0,119.0,28.0,5.0,1.0,3.0,11.0,0.0,34.0,2.0,1.0,0.0,44.0,11.0,1.0,.235,.308,.370,.678,.301,39.67,556.0,24.0,34.0,547.0,507.0,115.0,28.0,0.0,19.0,28.0,1.0,135.0,5.0,7.0,0.0,200.0,75.0,9.0,.227,.271,.394,.665,.267,26.68,2150.0,105.0,159.0,2025
802139,JJ Wetherholt,138,St. Louis Cardinals,,2B,2026,156.0,130.0,31.0,5.0,0.0,7.0,17.0,0.0,28.0,7.0,2.0,0.0,57.0,16.0,0.0,.238,.353,.438,.791,.247,18.57,628.0,29.0,44.0,,,,,,,,,,,,,,,,,,,,,,,,,2025
656730,Trevor Megill,158,Milwaukee Brewers,,P,2026,0.0,0.0,0.0,0.0,0.0,0.0,0.0,0.0,0.0,0.0,0.0,0.0,0.0,0.0,0.0,.000,.000,.000,.000,.---,-.--,0.0,0.0,0.0,,,,,,,,,,,,,,,,,,,,,,,,,2025
683357,Owen Caissie,146,Miami Marlins,,RF,2026,101.0,92.0,19.0,6.0,0.0,2.0,5.0,0.0,43.0,1.0,3.0,0.0,31.0,15.0,1.0,.207,.248,.337,.585,.340,46.00,423.0,13.0,20.0,27.0,26.0,5.0,1.0,0.0,1.0,1.0,0.0,11.0,0.0,0.0,0.0,9.0,4.0,0.0,.192,.222,.346,.568,.286,26.00,103.0,4.0,6.0,2025
660825,Eduard Bazardo,136,Seattle Mariners,,P,2026,,,,,,,,,,,,,,,,,,,,,,,,,,,,,,,,,,,,,,,,,,,,,,,,,2025
666974,Yennier Cano,110,Baltimore Orioles,,P,2026,,,,,,,,,,,,,,,,,,,,,,,,,0.0,0.0,0.0,0.0,0.0,0.0,0.0,0.0,0.0,0.0,0.0,0.0,0.0,0.0,0.0,.000,.000,.000,.000,.---,-.--,0.0,0.0,0.0,2025
681297,Colton Cowser,110,Baltimore Orioles,,RF,2026,70.0,60.0,11.0,2.0,0.0,0.0,8.0,0.0,22.0,0.0,1.0,1.0,13.0,3.0,1.0,.183,.275,.217,.492,.282,-.--,298.0,17.0,12.0,360.0,327.0,64.0,14.0,0.0,16.0,27.0,1.0,128.0,6.0,0.0,0.0,126.0,40.0,5.0,.196,.269,.385,.654,.262,20.44,1486.0,71.0,64.0,2025
695657,Colson Montgomery,145,Chicago White Sox,,SS,2026,140.0,119.0,27.0,5.0,0.0,9.0,14.0,2.0,39.0,7.0,0.0,0.0,59.0,22.0,2.0,.227,.343,.496,.839,.254,13.22,527.0,25.0,28.0,284.0,255.0,61.0,9.0,1.0,21.0,25.0,1.0,83.0,2.0,1.0,0.0,135.0,55.0,3.0,.239,.311,.529,.840,.263,12.14,1082.0,50.0,62.0,2025
660853,Enyel De Los Santos,117,Houston Astros,,P,2026,,,,,,,,,,,,,,,,,,,,,,,,,0.0,0.0,0.0,0.0,0.0,0.0,0.0,0.0,0.0,0.0,0.0,0.0,0.0,0.0,0.0,.000,.000,.000,.000,.---,-.--,0.0,0.0,0.0,2025
660844,Leo Rivas,136,Seattle Mariners,,3B,2026,99.0,82.0,12.0,1.0,1.0,0.0,13.0,0.0,30.0,2.0,1.0,1.0,15.0,7.0,1.0,.146,.276,.183,.459,.226,-.--,447.0,17.0,25.0,111.0,90.0,22.0,2.0,0.0,2.0,20.0,0.0,24.0,1.0,0.0,0.0,30.0,9.0,1.0,.244,.387,.333,.720,.313,45.00,520.0,20.0,24.0,2025
695684,Elmer Rodríguez,147,New York Yankees,,P,2026,,,,,,,,,,,,,,,,,,,,,,,,,,,,,,,,,,,,,,,,,,,,,,,,,2025
691587,Eury Pérez,146,Miami Marlins,,P,2026,,,,,,,,,,,,,,,,,,,,,,,,,,,,,,,,,,,,,,,,,,,,,,,,,2025
671109,Jake Eder,119,Los Angeles Dodgers,,P,2026,,,,,,,,,,,,,,,,,,,,,,,,,,,,,,,,,,,,,,,,,,,,,,,,,2025
669065,Kyle Stowers,146,Miami Marlins,,LF,2026,53.0,46.0,10.0,3.0,0.0,0.0,6.0,1.0,13.0,1.0,0.0,0.0,13.0,1.0,3.0,.217,.321,.283,.604,.303,-.--,198.0,14.0,9.0,457.0,399.0,115.0,21.0,3.0,25.0,48.0,3.0,125.0,5.0,4.0,1.0,217.0,73.0,6.0,.288,.368,.544,.912,.356,15.96,1712.0,79.0,85.0,2025
691594,Javier Sanoja,146,Miami Marlins,,3B,2026,76.0,69.0,21.0,4.0,0.0,0.0,7.0,0.0,10.0,0.0,0.0,0.0,25.0,10.0,0.0,.304,.368,.362,.730,.356,-.--,270.0,17.0,21.0,342.0,313.0,76.0,22.0,4.0,6.0,19.0,0.0,41.0,2.0,4.0,4.0,124.0,38.0,2.0,.243,.287,.396,.683,.259,52.17,1218.0,97.0,107.0,2025
607625,Seth Lugo,118,Kansas City Royals,,P,2026,,,,,,,,,,,,,,,,,,,,,,,,,,,,,,,,,,,,,,,,,,,,,,,,,2025
689546,Nick Davila,136,Seattle Mariners,,P,2026,,,,,,,,,,,,,,,,,,,,,,,,,,,,,,,,,,,,,,,,,,,,,,,,,2025
693645,Cam Schlittler,147,New York Yankees,,P,2026,,,,,,,,,,,,,,,,,,,,,,,,,,,,,,,,,,,,,,,,,,,,,,,,,2025
595345,Steven Okert,117,Houston Astros,,P,2026,,,,,,,,,,,,,,,,,,,,,,,,,,,,,,,,,,,,,,,,,,,,,,,,,2025
656794,Sean Newcomb,145,Chicago White Sox,,P,2026,,,,,,,,,,,,,,,,,,,,,,,,,,,,,,,,,,,,,,,,,,,,,,,,,2025
699823,Tyler Davis,145,Chicago White Sox,,P,2026,,,,,,,,,,,,,,,,,,,,,,,,,,,,,,,,,,,,,,,,,,,,,,,,,2025
681347,Mike Burrows,117,Houston Astros,,P,2026,,,,,,,,,,,,,,,,,,,,,,,,,,,,,,,,,,,,,,,,,,,,,,,,,2025
681393,Connor Norby,146,Miami Marlins,,1B,2026,118.0,101.0,24.0,7.0,0.0,3.0,12.0,0.0,36.0,4.0,1.0,0.0,40.0,11.0,3.0,.238,.339,.396,.735,.333,33.67,473.0,19.0,23.0,337.0,311.0,78.0,17.0,1.0,8.0,18.0,0.0,90.0,5.0,3.0,0.0,121.0,34.0,3.0,.251,.300,.389,.689,.324,38.88,1245.0,68.0,78.0,2025
640448,Kyle Finnegan,116,Detroit Tigers,,P,2026,,,,,,,,,,,,,,,,,,,,,,,,,,,,,,,,,,,,,,,,,,,,,,,,,2025
669084,DL Hall,158,Milwaukee Brewers,,P,2026,,,,,,,,,,,,,,,,,,,,,,,,,,,,,,,,,,,,,,,,,,,,,,,,,2025
664991,Grant Wolfram,110,Baltimore Orioles,,P,2026,,,,,,,,,,,,,,,,,,,,,,,,,,,,,,,,,,,,,,,,,,,,,,,,,2025
687562,Jake Bennett,111,Boston Red Sox,,P,2026,,,,,,,,,,,,,,,,,,,,,,,,,,,,,,,,,,,,,,,,,,,,,,,,,2025
673237,Yainer Diaz,117,Houston Astros,,C,2026,106.0,101.0,25.0,5.0,0.0,2.0,3.0,0.0,16.0,0.0,2.0,0.0,36.0,14.0,3.0,.248,.264,.356,.620,.271,50.50,339.0,39.0,23.0,567.0,542.0,139.0,25.0,1.0,20.0,20.0,2.0,95.0,2.0,3.0,0.0,226.0,70.0,13.0,.256,.284,.417,.701,.277,27.10,1871.0,162.0,149.0,2025
521692,Salvador Perez,118,Kansas City Royals,,C,2026,139.0,131.0,27.0,5.0,0.0,5.0,4.0,1.0,29.0,3.0,1.0,0.0,47.0,13.0,5.0,.206,.245,.359,.604,.224,26.20,514.0,32.0,44.0,641.0,597.0,141.0,35.0,0.0,30.0,28.0,5.0,125.0,12.0,1.0,0.0,266.0,100.0,14.0,.236,.284,.446,.730,.251,19.90,2267.0,145.0,187.0,2025
669160,Dustin May,138,St. Louis Cardinals,,P,2026,,,,,,,,,,,,,,,,,,,,,,,,,,,,,,,,,,,,,,,,,,,,,,,,,2025
554430,Zack Wheeler,143,Philadelphia Phillies,,P,2026,,,,,,,,,,,,,,,,,,,,,,,,,,,,,,,,,,,,,,,,,,,,,,,,,2025
669165,Kyle Hurt,119,Los Angeles Dodgers,,P,2026,,,,,,,,,,,,,,,,,,,,,,,,,,,,,,,,,,,,,,,,,,,,,,,,,2025
640492,José Azocar,144,Atlanta Braves,,LF,2026,2.0,2.0,0.0,0.0,0.0,0.0,0.0,0.0,1.0,0.0,0.0,0.0,0.0,0.0,0.0,.000,.000,.000,.000,.000,-.--,8.0,1.0,0.0,21.0,19.0,5.0,0.0,0.0,0.0,2.0,0.0,1.0,0.0,0.0,0.0,5.0,1.0,0.0,.263,.333,.263,.596,.278,-.--,67.0,6.0,7.0,2025
624133,Ranger Suarez,111,Boston Red Sox,,P,2026,,,,,,,,,,,,,,,,,,,,,,,,,,,,,,,,,,,,,,,,,,,,,,,,,2025
656848,Michael Petersen,146,Miami Marlins,,P,2026,,,,,,,,,,,,,,,,,,,,,,,,,,,,,,,,,,,,,,,,,,,,,,,,,2025
691723,Coby Mayo,110,Baltimore Orioles,,3B,2026,94.0,85.0,14.0,3.0,0.0,3.0,8.0,0.0,28.0,0.0,1.0,0.0,26.0,12.0,2.0,.165,.234,.306,.540,.200,28.33,370.0,21.0,23.0,294.0,263.0,57.0,12.0,0.0,11.0,27.0,0.0,84.0,4.0,0.0,0.0,102.0,28.0,2.0,.217,.299,.388,.687,.274,23.91,1132.0,49.0,73.0,2025
691725,Andrew Painter,143,Philadelphia Phillies,,P,2026,,,,,,,,,,,,,,,,,,,,,,,,,,,,,,,,,,,,,,,,,,,,,,,,,2025
669199,Lake Bachar,146,Miami Marlins,,P,2026,,,,,,,,,,,,,,,,,,,,,,,,,,,,,,,,,,,,,,,,,,,,,,,,,2025
687637,Dylan Beavers,110,Baltimore Orioles,,RF,2026,95.0,83.0,18.0,3.0,0.0,2.0,10.0,0.0,22.0,0.0,1.0,1.0,27.0,10.0,1.0,.217,.298,.325,.623,.267,41.50,386.0,21.0,24.0,137.0,110.0,25.0,5.0,1.0,4.0,26.0,0.0,36.0,0.0,0.0,1.0,44.0,14.0,0.0,.227,.375,.400,.775,.300,27.50,615.0,14.0,36.0,2025
669224,Austin Wells,147,New York Yankees,,C,2026,96.0,79.0,16.0,1.0,0.0,3.0,16.0,2.0,18.0,0.0,1.0,0.0,26.0,5.0,3.0,.203,.333,.329,.662,.220,26.33,396.0,21.0,25.0,448.0,401.0,88.0,22.0,1.0,21.0,30.0,0.0,118.0,5.0,11.0,0.0,175.0,71.0,10.0,.219,.275,.436,.711,.245,19.10,1794.0,75.0,131.0,2025
656941,Kyle Schwarber,143,Philadelphia Phillies,,LF,2026,152.0,123.0,27.0,6.0,1.0,11.0,25.0,0.0,48.0,4.0,0.0,0.0,68.0,20.0,1.0,.220,.368,.553,.921,.250,11.18,644.0,21.0,27.0,724.0,604.0,145.0,23.0,2.0,56.0,108.0,6.0,197.0,11.0,1.0,0.0,340.0,132.0,4.0,.240,.365,.563,.928,.253,10.79,3059.0,114.0,149.0,2025
681517,Kyle Leahy,138,St. Louis Cardinals,,P,2026,,,,,,,,,,,,,,,,,,,,,,,,,,,,,,,,,,,,,,,,,,,,,,,,,2025
681481,Kerry Carpenter,116,Detroit Tigers,,RF,2026,109.0,94.0,20.0,2.0,2.0,6.0,11.0,0.0,37.0,2.0,2.0,0.0,44.0,17.0,1.0,.213,.303,.468,.771,.264,15.67,440.0,15.0,24.0,464.0,433.0,109.0,18.0,5.0,26.0,18.0,0.0,106.0,7.0,2.0,0.0,215.0,62.0,3.0,.252,.291,.497,.788,.274,16.65,1736.0,84.0,136.0,2025
656945,Tanner Scott,119,Los Angeles Dodgers,,P,2026,,,,,,,,,,,,,,,,,,,,,,,,,0.0,0.0,0.0,0.0,0.0,0.0,0.0,0.0,0.0,0.0,0.0,0.0,0.0,0.0,0.0,.000,.000,.000,.000,.---,-.--,0.0,0.0,0.0,2025
669236,Jeremiah Jackson,110,Baltimore Orioles,,2B,2026,112.0,108.0,28.0,3.0,0.0,6.0,2.0,0.0,25.0,1.0,1.0,0.0,49.0,24.0,7.0,.259,.277,.454,.731,.282,18.00,372.0,35.0,21.0,183.0,170.0,47.0,10.0,2.0,5.0,11.0,0.0,50.0,2.0,0.0,0.0,76.0,21.0,6.0,.276,.328,.447,.775,.365,34.00,706.0,39.0,34.0,2025
800311,Didier Fuentes,144,Atlanta Braves,,P,2026,,,,,,,,,,,,,,,,,,,,,,,,,,,,,,,,,,,,,,,,,,,,,,,,,2025
669211,Keegan Akin,110,Baltimore Orioles,,P,2026,,,,,,,,,,,,,,,,,,,,,,,,,0.0,0.0,0.0,0.0,0.0,0.0,0.0,0.0,0.0,0.0,0.0,0.0,0.0,0.0,0.0,.000,.000,.000,.000,.---,-.--,0.0,0.0,0.0,2025
693821,Bryce Elder,144,Atlanta Braves,,P,2026,,,,,,,,,,,,,,,,,,,,,,,,,,,,,,,,,,,,,,,,,,,,,,,,,2025
691785,Marcelo Mayer,111,Boston Red Sox,,2B,2026,97.0,86.0,21.0,6.0,0.0,1.0,7.0,0.0,17.0,2.0,1.0,0.0,30.0,7.0,4.0,.244,.313,.349,.662,.290,86.00,354.0,26.0,23.0,136.0,127.0,29.0,8.0,1.0,4.0,8.0,0.0,41.0,0.0,1.0,0.0,51.0,10.0,2.0,.228,.272,.402,.674,.301,31.75,510.0,36.0,22.0,2025
691799,Grant Taylor,145,Chicago White Sox,,P,2026,,,,,,,,,,,,,,,,,,,,,,,,,,,,,,,,,,,,,,,,,,,,,,,,,2025
669257,Will Smith,119,Los Angeles Dodgers,,C,2026,107.0,95.0,25.0,1.0,0.0,3.0,11.0,0.0,17.0,0.0,1.0,0.0,35.0,15.0,2.0,.263,.336,.368,.704,.289,31.67,474.0,14.0,40.0,436.0,362.0,107.0,20.0,1.0,17.0,64.0,1.0,89.0,5.0,5.0,0.0,180.0,61.0,7.0,.296,.404,.497,.901,.345,21.29,1926.0,57.0,114.0,2025
656986,Bennett Sousa,117,Houston Astros,,P,2026,,,,,,,,,,,,,,,,,,,,,,,,,0.0,0.0,0.0,0.0,0.0,0.0,0.0,0.0,0.0,0.0,0.0,0.0,0.0,0.0,0.0,.000,.000,.000,.000,.---,-.--,0.0,0.0,0.0,2025
669276,Dylan Lee,144,Atlanta Braves,,P,2026,,,,,,,,,,,,,,,,,,,,,,,,,,,,,,,,,,,,,,,,,,,,,,,,,2025
669288,Daniel Johnson,117,Houston Astros,,CF,2026,17.0,14.0,2.0,0.0,0.0,0.0,2.0,0.0,3.0,1.0,0.0,0.0,2.0,0.0,1.0,.143,.294,.143,.437,.182,-.--,53.0,5.0,4.0,57.0,53.0,10.0,3.0,0.0,1.0,4.0,0.0,13.0,0.0,0.0,0.0,16.0,1.0,0.0,.189,.246,.302,.548,.231,53.00,210.0,15.0,15.0,2025
679529,Spencer Torkelson,116,Detroit Tigers,,1B,2026,132.0,111.0,25.0,6.0,0.0,6.0,20.0,0.0,38.0,1.0,0.0,0.0,49.0,14.0,1.0,.225,.348,.441,.789,.284,18.50,582.0,18.0,30.0,649.0,563.0,135.0,27.0,1.0,31.0,72.0,6.0,169.0,9.0,5.0,0.0,257.0,78.0,12.0,.240,.333,.456,.789,.283,18.16,2634.0,88.0,176.0,2025
683618,Edgardo Henriquez,119,Los Angeles Dodgers,,P,2026,,,,,,,,,,,,,,,,,,,,,,,,,,,,,,,,,,,,,,,,,,,,,,,,,2025
669289,Santiago Espinal,119,Los Angeles Dodgers,,3B,2026,27.0,25.0,5.0,2.0,0.0,0.0,0.0,0.0,4.0,0.0,0.0,2.0,7.0,2.0,3.0,.200,.200,.280,.480,.238,-.--,111.0,13.0,5.0,328.0,301.0,73.0,12.0,0.0,0.0,21.0,0.0,38.0,1.0,2.0,3.0,85.0,16.0,11.0,.243,.292,.282,.574,.275,-.--,1302.0,80.0,115.0,2025
702070,Noah Cameron,118,Kansas City Royals,,P,2026,,,,,,,,,,,,,,,,,,,,,,,,,,,,,,,,,,,,,,,,,,,,,,,,,2025
650859,Luis Rengifo,158,Milwaukee Brewers,,3B,2026,108.0,97.0,18.0,8.0,0.0,0.0,8.0,1.0,12.0,1.0,1.0,1.0,26.0,10.0,1.0,.186,.252,.268,.520,.209,-.--,401.0,36.0,33.0,541.0,501.0,119.0,16.0,3.0,9.0,33.0,0.0,104.0,3.0,3.0,1.0,168.0,43.0,7.0,.238,.287,.335,.622,.281,55.67,2008.0,156.0,126.0,2025
663158,Robert Suarez,144,Atlanta Braves,,P,2026,0.0,0.0,0.0,0.0,0.0,0.0,0.0,0.0,0.0,0.0,0.0,0.0,0.0,0.0,0.0,.000,.000,.000,.000,.---,-.--,0.0,0.0,0.0,,,,,,,,,,,,,,,,,,,,,,,,,2025
669302,Logan Gilbert,136,Seattle Mariners,,P,2026,,,,,,,,,,,,,,,,,,,,,,,,,,,,,,,,,,,,,,,,,,,,,,,,,2025
820862,José Fermin,108,Los Angeles Angels,,P,2026,,,,,,,,,,,,,,,,,,,,,,,,,,,,,,,,,,,,,,,,,,,,,,,,,2025
669326,Bryce Teodosio,108,Los Angeles Angels,,LF,2026,36.0,33.0,8.0,1.0,0.0,0.0,2.0,0.0,15.0,0.0,0.0,1.0,9.0,2.0,1.0,.242,.286,.273,.559,.444,-.--,126.0,7.0,4.0,150.0,138.0,28.0,7.0,2.0,1.0,5.0,0.0,47.0,4.0,2.0,1.0,42.0,7.0,2.0,.203,.248,.304,.552,.293,138.00,521.0,33.0,33.0,2025
642708,Amed Rosario,147,New York Yankees,,3B,2026,67.0,60.0,16.0,1.0,1.0,4.0,5.0,0.0,13.0,0.0,2.0,0.0,31.0,14.0,1.0,.267,.313,.517,.830,.267,15.00,239.0,17.0,16.0,191.0,181.0,50.0,11.0,0.0,6.0,7.0,0.0,31.0,2.0,1.0,0.0,79.0,23.0,6.0,.276,.309,.436,.745,.303,30.17,646.0,53.0,48.0,2025
657041,Lane Thomas,118,Kansas City Royals,,CF,2026,75.0,61.0,15.0,1.0,0.0,1.0,13.0,0.0,13.0,1.0,0.0,0.0,19.0,6.0,1.0,.246,.387,.311,.698,.298,61.00,319.0,8.0,25.0,142.0,125.0,20.0,2.0,0.0,4.0,14.0,0.0,44.0,1.0,2.0,0.0,34.0,11.0,4.0,.160,.246,.272,.518,.203,31.25,556.0,22.0,41.0,2025
681624,Andy Pages,119,Los Angeles Dodgers,,CF,2026,135.0,123.0,39.0,8.0,0.0,5.0,9.0,0.0,31.0,1.0,2.0,0.0,62.0,27.0,2.0,.317,.363,.504,.867,.382,24.60,570.0,23.0,32.0,624.0,581.0,158.0,27.0,1.0,27.0,29.0,0.0,135.0,8.0,6.0,0.0,268.0,86.0,9.0,.272,.313,.461,.774,.308,21.52,2365.0,117.0,177.0,2025
650911,Cristopher Sánchez,143,Philadelphia Phillies,,P,2026,,,,,,,,,,,,,,,,,,,,,,,,,,,,,,,,,,,,,,,,,,,,,,,,,2025
669358,Shane Baz,110,Baltimore Orioles,,P,2026,,,,,,,,,,,,,,,,,,,,,,,,,,,,,,,,,,,,,,,,,,,,,,,,,2025
669357,Nolan Gorman,138,St. Louis Cardinals,,3B,2026,126.0,112.0,24.0,2.0,0.0,5.0,11.0,1.0,35.0,0.0,3.0,0.0,41.0,21.0,0.0,.214,.278,.366,.644,.253,22.40,521.0,20.0,36.0,402.0,351.0,72.0,14.0,1.0,14.0,47.0,2.0,136.0,0.0,4.0,0.0,130.0,46.0,1.0,.205,.296,.370,.666,.283,25.07,1655.0,46.0,101.0,2025
669373,Tarik Skubal,116,Detroit Tigers,,P,2026,,,,,,,,,,,,,,,,,,,,,,,,,,,,,,,,,,,,,,,,,,,,,,,,,2025
669364,Xavier Edwards,146,Miami Marlins,,2B,2026,145.0,125.0,42.0,7.0,2.0,2.0,19.0,0.0,15.0,0.0,0.0,1.0,59.0,11.0,3.0,.336,.424,.472,.896,.370,62.50,562.0,35.0,34.0,619.0,561.0,159.0,20.0,5.0,3.0,49.0,2.0,88.0,3.0,3.0,3.0,198.0,43.0,6.0,.283,.343,.353,.696,.330,187.00,2250.0,164.0,156.0,2025
702153,Brian Fitzpatrick,158,Milwaukee Brewers,,P,2026,,,,,,,,,,,,,,,,,,,,,,,,,,,,,,,,,,,,,,,,,,,,,,,,,2025
552640,Andrew Kittredge,110,Baltimore Orioles,,P,2026,,,,,,,,,,,,,,,,,,,,,,,,,0.0,0.0,0.0,0.0,0.0,0.0,0.0,0.0,0.0,0.0,0.0,0.0,0.0,0.0,0.0,.000,.000,.000,.000,.---,-.--,0.0,0.0,0.0,2025
650968,Yohel Pozo,138,St. Louis Cardinals,,C,2026,17.0,17.0,2.0,1.0,0.0,0.0,0.0,0.0,0.0,0.0,0.0,0.0,3.0,3.0,3.0,.118,.118,.176,.294,.118,-.--,59.0,11.0,4.0,168.0,160.0,37.0,8.0,0.0,5.0,7.0,0.0,22.0,0.0,1.0,0.0,60.0,19.0,4.0,.231,.262,.375,.637,.239,32.00,591.0,45.0,57.0,2025
657136,Connor Wong,111,Boston Red Sox,,C,2026,47.0,41.0,10.0,5.0,0.0,0.0,4.0,0.0,7.0,1.0,0.0,1.0,15.0,5.0,1.0,.244,.326,.366,.692,.294,-.--,169.0,13.0,12.0,188.0,168.0,32.0,8.0,0.0,0.0,16.0,0.0,42.0,1.0,2.0,1.0,40.0,7.0,7.0,.190,.262,.238,.500,.250,-.--,745.0,53.0,44.0,2025
683769,Hunter Gaddis,114,Cleveland Guardians,,P,2026,,,,,,,,,,,,,,,,,,,,,,,,,,,,,,,,,,,,,,,,,,,,,,,,,2025
694025,Felix Reyes,143,Philadelphia Phillies,,LF,2026,28.0,28.0,4.0,1.0,0.0,1.0,0.0,0.0,7.0,0.0,0.0,0.0,8.0,1.0,1.0,.143,.143,.286,.429,.150,28.00,91.0,7.0,10.0,,,,,,,,,,,,,,,,,,,,,,,,,2025
702222,Justin Crawford,143,Philadelphia Phillies,,CF,2026,107.0,97.0,26.0,6.0,2.0,0.0,8.0,0.0,19.0,2.0,0.0,0.0,36.0,7.0,0.0,.268,.336,.371,.707,.333,-.--,373.0,32.0,20.0,,,,,,,,,,,,,,,,,,,,,,,,,2025
677587,Brayan Rocchio,114,Cleveland Guardians,,SS,2026,127.0,112.0,30.0,4.0,0.0,3.0,11.0,0.0,11.0,2.0,0.0,2.0,43.0,19.0,2.0,.268,.344,.384,.728,.276,37.33,508.0,35.0,38.0,383.0,344.0,80.0,18.0,2.0,5.0,22.0,0.0,77.0,8.0,5.0,4.0,117.0,44.0,4.0,.233,.290,.340,.630,.281,68.80,1411.0,100.0,96.0,2025
669461,Matthew Liberatore,138,St. Louis Cardinals,,P,2026,,,,,,,,,,,,,,,,,,,,,,,,,,,,,,,,,,,,,,,,,,,,,,,,,2025
669467,Andre Pallante,138,St. Louis Cardinals,,P,2026,,,,,,,,,,,,,,,,,,,,,,,,,0.0,0.0,0.0,0.0,0.0,0.0,0.0,0.0,0.0,0.0,0.0,0.0,0.0,0.0,0.0,.000,.000,.000,.000,.---,-.--,0.0,0.0,0.0,2025
677594,Julio Rodríguez,136,Seattle Mariners,,CF,2026,152.0,138.0,37.0,7.0,0.0,4.0,12.0,1.0,34.0,2.0,0.0,0.0,56.0,16.0,2.0,.268,.336,.406,.742,.330,34.50,605.0,30.0,37.0,710.0,652.0,174.0,31.0,4.0,32.0,44.0,5.0,152.0,12.0,2.0,0.0,309.0,95.0,15.0,.267,.324,.474,.798,.302,20.38,2496.0,174.0,154.0,2025
663330,Jahmai Jones,116,Detroit Tigers,,RF,2026,39.0,38.0,8.0,2.0,0.0,2.0,1.0,0.0,13.0,0.0,0.0,0.0,16.0,5.0,2.0,.211,.231,.421,.652,.261,19.00,136.0,8.0,9.0,150.0,129.0,37.0,11.0,1.0,7.0,18.0,1.0,32.0,3.0,0.0,0.0,71.0,23.0,3.0,.287,.387,.550,.937,.333,18.43,595.0,21.0,39.0,2025
624413,Pete Alonso,110,Baltimore Orioles,,1B,2026,146.0,126.0,27.0,8.0,0.0,6.0,19.0,0.0,36.0,1.0,0.0,0.0,53.0,15.0,4.0,.214,.322,.421,.743,.250,21.00,600.0,32.0,31.0,709.0,624.0,170.0,41.0,1.0,38.0,61.0,5.0,162.0,15.0,9.0,0.0,327.0,126.0,23.0,.272,.347,.524,.871,.305,16.42,2807.0,135.0,166.0,2025
687911,Bryan King,117,Houston Astros,,P,2026,,,,,,,,,,,,,,,,,,,,,,,,,,,,,,,,,,,,,,,,,,,,,,,,,2025
624428,Adam Frazier,108,Los Angeles Angels,,2B,2026,64.0,55.0,14.0,4.0,1.0,1.0,6.0,0.0,18.0,1.0,0.0,2.0,23.0,5.0,0.0,.255,.339,.418,.757,.361,55.00,247.0,15.0,10.0,459.0,419.0,112.0,20.0,0.0,7.0,26.0,2.0,81.0,8.0,5.0,1.0,153.0,44.0,8.0,.267,.319,.365,.684,.313,59.86,1841.0,104.0,128.0,2025
702273,Noah Schultz,145,Chicago White Sox,,P,2026,,,,,,,,,,,,,,,,,,,,,,,,,,,,,,,,,,,,,,,,,,,,,,,,,2025
696131,Mason Black,118,Kansas City Royals,,P,2026,,,,,,,,,,,,,,,,,,,,,,,,,,,,,,,,,,,,,,,,,,,,,,,,,2025
702275,JR Ritchie,144,Atlanta Braves,,P,2026,,,,,,,,,,,,,,,,,,,,,,,,,,,,,,,,,,,,,,,,,,,,,,,,,2025
608070,José Ramírez,114,Cleveland Guardians,,3B,2026,153.0,129.0,28.0,8.0,0.0,6.0,24.0,3.0,20.0,0.0,0.0,0.0,54.0,14.0,1.0,.217,.340,.419,.759,.214,21.50,629.0,26.0,55.0,673.0,593.0,168.0,34.0,3.0,30.0,66.0,22.0,74.0,8.0,5.0,0.0,298.0,85.0,9.0,.283,.360,.503,.863,.279,19.77,2666.0,135.0,222.0,2025
667463,John King,146,Miami Marlins,,P,2026,,,,,,,,,,,,,,,,,,,,,,,,,,,,,,,,,,,,,,,,,,,,,,,,,2025
663368,Blake Perkins,158,Milwaukee Brewers,,LF,2026,53.0,46.0,5.0,3.0,0.0,0.0,5.0,0.0,13.0,1.0,0.0,1.0,8.0,5.0,1.0,.109,.212,.174,.386,.152,-.--,213.0,13.0,16.0,171.0,155.0,35.0,6.0,2.0,3.0,15.0,0.0,47.0,1.0,0.0,0.0,54.0,19.0,4.0,.226,.298,.348,.646,.305,51.67,708.0,41.0,32.0,2025
675660,Shane Drohan,158,Milwaukee Brewers,,P,2026,,,,,,,,,,,,,,,,,,,,,,,,,,,,,,,,,,,,,,,,,,,,,,,,,2025
702284,Cole Young,136,Seattle Mariners,,2B,2026,138.0,124.0,33.0,4.0,1.0,3.0,11.0,0.0,31.0,2.0,1.0,0.0,48.0,19.0,1.0,.266,.333,.387,.720,.330,41.33,563.0,21.0,40.0,257.0,223.0,47.0,7.0,1.0,4.0,28.0,1.0,47.0,2.0,2.0,2.0,68.0,24.0,4.0,.211,.302,.305,.607,.247,55.75,1034.0,52.0,81.0,2025
573262,Mike Yastrzemski,144,Atlanta Braves,,LF,2026,109.0,100.0,20.0,4.0,1.0,0.0,8.0,0.0,27.0,1.0,0.0,0.0,26.0,6.0,1.0,.200,.266,.260,.526,.274,-.--,428.0,28.0,25.0,558.0,477.0,111.0,28.0,1.0,17.0,72.0,4.0,108.0,2.0,5.0,2.0,192.0,46.0,7.0,.233,.333,.403,.736,.263,28.06,2305.0,95.0,170.0,2025
681807,David Fry,114,Cleveland Guardians,,RF,2026,48.0,39.0,9.0,1.0,0.0,2.0,9.0,0.0,16.0,0.0,0.0,0.0,16.0,3.0,1.0,.231,.375,.410,.785,.333,19.50,224.0,5.0,9.0,157.0,146.0,25.0,4.0,0.0,8.0,9.0,0.0,58.0,2.0,0.0,0.0,53.0,23.0,3.0,.171,.229,.363,.592,.213,18.25,623.0,26.0,37.0,2025
696147,Sam Bachman,108,Los Angeles Angels,,P,2026,,,,,,,,,,,,,,,,,,,,,,,,,,,,,,,,,,,,,,,,,,,,,,,,,2025
687957,Dustin Harris,117,Houston Astros,,LF,2026,52.0,43.0,10.0,1.0,1.0,0.0,6.0,0.0,7.0,1.0,1.0,1.0,13.0,5.0,0.0,.233,.333,.302,.635,.270,-.--,189.0,14.0,14.0,43.0,40.0,8.0,3.0,0.0,1.0,3.0,0.0,13.0,0.0,0.0,0.0,14.0,2.0,1.0,.200,.256,.350,.606,.269,40.00,180.0,9.0,10.0,2025
700241,Michael McGreevy,138,St. Louis Cardinals,,P,2026,,,,,,,,,,,,,,,,,,,,,,,,,,,,,,,,,,,,,,,,,,,,,,,,,2025
700250,Ben Rice,147,New York Yankees,,1B,2026,134.0,108.0,37.0,9.0,0.0,12.0,23.0,2.0,32.0,1.0,2.0,0.0,82.0,27.0,2.0,.343,.455,.759,1.214,.379,9.00,548.0,26.0,15.0,530.0,467.0,119.0,28.0,4.0,26.0,50.0,0.0,100.0,9.0,2.0,0.0,233.0,65.0,18.0,.255,.337,.499,.836,.271,17.96,2047.0,115.0,135.0,2025
700249,Cade Povich,110,Baltimore Orioles,,P,2026,,,,,,,,,,,,,,,,,,,,,,,,,,,,,,,,,,,,,,,,,,,,,,,,,2025
702332,Caleb Durbin,111,Boston Red Sox,,3B,2026,122.0,109.0,18.0,6.0,0.0,1.0,11.0,0.0,16.0,2.0,0.0,0.0,27.0,11.0,3.0,.165,.254,.248,.502,.185,109.00,446.0,47.0,28.0,506.0,445.0,114.0,25.0,0.0,11.0,30.0,0.0,50.0,24.0,4.0,3.0,172.0,53.0,10.0,.256,.334,.387,.721,.265,40.46,1838.0,134.0,154.0,2025
675659,Greg Jones,158,Milwaukee Brewers,,LF,2026,22.0,21.0,2.0,0.0,0.0,0.0,0.0,0.0,9.0,0.0,0.0,1.0,2.0,1.0,0.0,.095,.095,.095,.190,.167,-.--,74.0,7.0,4.0,2.0,2.0,0.0,0.0,0.0,0.0,0.0,0.0,2.0,0.0,0.0,0.0,0.0,0.0,0.0,.000,.000,.000,.000,.---,-.--,9.0,0.0,0.0,2025
661388,William Contreras,158,Milwaukee Brewers,,C,2026,138.0,124.0,37.0,7.0,0.0,3.0,14.0,2.0,15.0,0.0,0.0,0.0,53.0,23.0,2.0,.298,.370,.427,.797,.321,41.33,500.0,32.0,40.0,659.0,566.0,147.0,28.0,0.0,17.0,84.0,4.0,120.0,3.0,6.0,0.0,226.0,76.0,14.0,.260,.355,.399,.754,.299,33.29,2556.0,172.0,133.0,2025
640902,Jhonny Pereda,136,Seattle Mariners,,C,2026,3.0,3.0,0.0,0.0,0.0,0.0,0.0,0.0,1.0,0.0,0.0,0.0,0.0,0.0,0.0,.000,.000,.000,.000,.000,-.--,11.0,1.0,1.0,78.0,69.0,17.0,6.0,0.0,0.0,8.0,0.0,21.0,0.0,0.0,1.0,23.0,4.0,1.0,.246,.325,.333,.658,.354,-.--,333.0,18.0,14.0,2025
681867,Cooper Criswell,136,Seattle Mariners,,P,2026,,,,,,,,,,,,,,,,,,,,,,,,,,,,,,,,,,,,,,,,,,,,,,,,,2025
663436,Davis Martin,145,Chicago White Sox,,P,2026,,,,,,,,,,,,,,,,,,,,,,,,,,,,,,,,,,,,,,,,,,,,,,,,,2025
681870,Erik Sabrowski,114,Cleveland Guardians,,P,2026,,,,,,,,,,,,,,,,,,,,,,,,,,,,,,,,,,,,,,,,,,,,,,,,,2025
622491,Luis Castillo,136,Seattle Mariners,,P,2026,,,,,,,,,,,,,,,,,,,,,,,,,,,,,,,,,,,,,,,,,,,,,,,,,2025
663460,Kris Bubic,118,Kansas City Royals,,P,2026,,,,,,,,,,,,,,,,,,,,,,,,,,,,,,,,,,,,,,,,,,,,,,,,,2025
679845,Nick Loftin,118,Kansas City Royals,,3B,2026,37.0,31.0,8.0,3.0,0.0,0.0,6.0,0.0,3.0,0.0,0.0,0.0,11.0,7.0,0.0,.258,.378,.355,.733,.286,-.--,140.0,10.0,10.0,188.0,168.0,35.0,9.0,2.0,4.0,14.0,0.0,27.0,3.0,2.0,1.0,60.0,20.0,7.0,.208,.278,.357,.635,.223,42.00,676.0,48.0,61.0,2025
683953,Travis Bazzana,114,Cleveland Guardians,,2B,2026,22.0,16.0,3.0,0.0,0.0,0.0,6.0,1.0,4.0,0.0,0.0,0.0,3.0,2.0,0.0,.188,.409,.188,.597,.250,-.--,86.0,5.0,4.0,,,,,,,,,,,,,,,,,,,,,,,,,2025
677800,Wilyer Abreu,111,Boston Red Sox,,RF,2026,140.0,124.0,37.0,6.0,1.0,4.0,16.0,0.0,25.0,0.0,0.0,0.0,57.0,14.0,5.0,.298,.379,.460,.839,.347,31.00,554.0,26.0,36.0,417.0,373.0,92.0,17.0,0.0,22.0,40.0,5.0,101.0,0.0,3.0,1.0,175.0,69.0,8.0,.247,.317,.469,.786,.277,16.96,1600.0,63.0,121.0,2025
669622,Anthony Bender,146,Miami Marlins,,P,2026,,,,,,,,,,,,,,,,,,,,,,,,,,,,,,,,,,,,,,,,,,,,,,,,,2025
700337,Edgar Quero,145,Chicago White Sox,,C,2026,88.0,74.0,12.0,1.0,0.0,0.0,9.0,0.0,20.0,2.0,1.0,2.0,13.0,5.0,4.0,.162,.267,.176,.443,.218,-.--,334.0,29.0,16.0,403.0,365.0,98.0,17.0,0.0,5.0,32.0,0.0,71.0,4.0,2.0,0.0,130.0,36.0,8.0,.268,.333,.356,.689,.320,73.00,1583.0,107.0,91.0,2025
681911,Alex Vesia,119,Los Angeles Dodgers,,P,2026,,,,,,,,,,,,,,,,,,,,,,,,,,,,,,,,,,,,,,,,,,,,,,,,,2025
694212,Samuel Basallo,110,Baltimore Orioles,,C,2026,100.0,90.0,22.0,3.0,0.0,5.0,10.0,1.0,27.0,0.0,0.0,0.0,40.0,10.0,0.0,.244,.320,.444,.764,.293,18.00,354.0,18.0,23.0,118.0,109.0,18.0,6.0,0.0,4.0,6.0,0.0,30.0,3.0,0.0,0.0,36.0,15.0,4.0,.165,.229,.330,.559,.187,27.25,443.0,36.0,25.0,2025
679883,Luinder Avila,118,Kansas City Royals,,P,2026,,,,,,,,,,,,,,,,,,,,,,,,,0.0,0.0,0.0,0.0,0.0,0.0,0.0,0.0,0.0,0.0,0.0,0.0,0.0,0.0,0.0,.000,.000,.000,.000,.---,-.--,0.0,0.0,0.0,2025
655316,Andruw Monasterio,111,Boston Red Sox,,SS,2026,51.0,46.0,10.0,4.0,0.0,1.0,5.0,0.0,9.0,0.0,0.0,0.0,17.0,8.0,1.0,.217,.294,.370,.664,.250,46.00,221.0,12.0,15.0,135.0,126.0,34.0,9.0,0.0,4.0,7.0,0.0,32.0,2.0,0.0,0.0,55.0,16.0,1.0,.270,.319,.437,.756,.333,31.50,558.0,19.0,41.0,2025
665561,Rafael Marchán,143,Philadelphia Phillies,,C,2026,54.0,51.0,4.0,0.0,0.0,1.0,1.0,0.0,11.0,2.0,0.0,0.0,7.0,2.0,2.0,.078,.130,.137,.267,.077,51.00,204.0,11.0,25.0,118.0,105.0,22.0,4.0,0.0,2.0,10.0,0.0,17.0,1.0,1.0,1.0,32.0,13.0,1.0,.210,.282,.305,.587,.230,52.50,459.0,41.0,27.0,2025
677865,Justin Bruihl,138,St. Louis Cardinals,,P,2026,,,,,,,,,,,,,,,,,,,,,,,,,,,,,,,,,,,,,,,,,,,,,,,,,2025
622554,Seranthony Domínguez,145,Chicago White Sox,,P,2026,,,,,,,,,,,,,,,,,,,,,,,,,0.0,0.0,0.0,0.0,0.0,0.0,0.0,0.0,0.0,0.0,0.0,0.0,0.0,0.0,0.0,.000,.000,.000,.000,.---,-.--,0.0,0.0,0.0,2025
606192,Teoscar Hernández,119,Los Angeles Dodgers,,LF,2026,122.0,108.0,27.0,4.0,0.0,4.0,13.0,1.0,33.0,0.0,1.0,0.0,43.0,17.0,5.0,.250,.328,.398,.726,.319,27.00,482.0,22.0,27.0,546.0,511.0,126.0,29.0,1.0,25.0,26.0,0.0,134.0,3.0,5.0,0.0,232.0,89.0,13.0,.247,.284,.454,.738,.283,20.44,2139.0,136.0,120.0,2025
815083,Mitch Farris,108,Los Angeles Angels,,P,2026,,,,,,,,,,,,,,,,,,,,,,,,,,,,,,,,,,,,,,,,,,,,,,,,,2025
663542,Bryan Hudson,145,Chicago White Sox,,P,2026,,,,,,,,,,,,,,,,,,,,,,,,,,,,,,,,,,,,,,,,,,,,,,,,,2025
602104,Ramón Urías,138,St. Louis Cardinals,,3B,2026,68.0,57.0,9.0,3.0,0.0,2.0,6.0,0.0,12.0,4.0,1.0,0.0,18.0,5.0,1.0,.158,.279,.316,.595,.159,28.50,237.0,16.0,21.0,391.0,352.0,85.0,17.0,0.0,11.0,27.0,0.0,88.0,2.0,10.0,0.0,135.0,44.0,6.0,.241,.292,.384,.676,.281,32.00,1509.0,88.0,101.0,2025
624585,Jorge Soler,108,Los Angeles Angels,,RF,2026,134.0,113.0,27.0,5.0,0.0,7.0,15.0,0.0,41.0,3.0,3.0,0.0,53.0,26.0,4.0,.239,.336,.469,.805,.294,16.14,562.0,20.0,28.0,315.0,279.0,60.0,12.0,0.0,12.0,28.0,0.0,94.0,4.0,3.0,0.0,108.0,34.0,5.0,.215,.293,.387,.680,.273,23.25,1290.0,61.0,67.0,2025
671739,Michael Harris II,144,Atlanta Braves,,CF,2026,113.0,106.0,34.0,4.0,0.0,7.0,6.0,0.0,20.0,0.0,1.0,0.0,59.0,22.0,1.0,.321,.354,.557,.911,.338,15.14,422.0,34.0,19.0,641.0,611.0,152.0,26.0,6.0,20.0,16.0,1.0,128.0,3.0,7.0,4.0,250.0,86.0,7.0,.249,.268,.409,.677,.281,30.55,2177.0,193.0,149.0,2025
808959,Munetaka Murakami,145,Chicago White Sox,,1B,2026,149.0,121.0,27.0,0.0,0.0,13.0,27.0,3.0,50.0,0.0,1.0,0.0,66.0,26.0,1.0,.223,.362,.545,.907,.237,9.31,644.0,19.0,26.0,,,,,,,,,,,,,,,,,,,,,,,,,2025
681982,Grant Anderson,158,Milwaukee Brewers,,P,2026,,,,,,,,,,,,,,,,,,,,,,,,,,,,,,,,,,,,,,,,,,,,,,,,,2025
677870,Leo Jiménez,146,Miami Marlins,,2B,2026,21.0,16.0,3.0,0.0,0.0,0.0,3.0,0.0,3.0,2.0,0.0,0.0,3.0,0.0,0.0,.188,.381,.188,.569,.231,-.--,77.0,8.0,2.0,32.0,29.0,2.0,0.0,0.0,1.0,2.0,0.0,8.0,0.0,0.0,1.0,5.0,1.0,1.0,.069,.129,.172,.301,.050,29.00,143.0,10.0,10.0,2025
