,PA,Batter,FD,DK,H,R,RBI,BB,K,1B,2B,3B,HR,SB,Player URL,Player ID
1,4.7,S. Antonacci,9.9,7.5,0.88,0.56,.39,.57,.74,.56,.19,.01,.12,.11,https://BallparkPal.com/Batter-Summary.php?PlayerId=803011,803011
2,4.6,M. Murakami,9.9,7.2,0.64,0.56,.46,.76,1.46,.30,.14,.00,.20,.02,https://BallparkPal.com/Batter-Summary.php?PlayerId=808959,808959
3,4.5,M. Vargas,11.0,8.2,0.87,0.55,.60,.54,.75,.47,.18,.02,.21,.08,https://BallparkPal.com/Batter-Summary.php?PlayerId=678246,678246
4,4.4,C. Montgomery,9.6,7.1,0.75,0.49,.60,.41,1.39,.38,.16,.00,.21,.02,https://BallparkPal.com/Batter-Summary.php?PlayerId=695657,695657
5,4.2,A. Benintendi,9.9,7.4,0.78,0.51,.54,.45,.80,.42,.15,.02,.20,.06,https://BallparkPal.com/Batter-Summary.php?PlayerId=643217,643217
6,4.2,K. Teel,8.3,6.2,0.69,0.44,.42,.50,1.18,.39,.15,.00,.15,.02,https://BallparkPal.com/Batter-Summary.php?PlayerId=691019,691019
7,4.1,B. Montgomery,7.9,6.0,0.76,0.41,.39,.37,.74,.49,.14,.00,.12,.04,https://BallparkPal.com/Batter-Summary.php?PlayerId=695731,695731
8,3.8,T. Peters,8.1,6.1,0.73,0.41,.43,.28,.65,.42,.15,.02,.15,.05,https://BallparkPal.com/Batter-Summary.php?PlayerId=671976,671976
9,3.9,C. Meidroth,7.0,5.3,0.75,0.35,.31,.43,.73,.54,.15,.00,.06,.04,https://BallparkPal.com/Batter-Summary.php?PlayerId=805367,805367
