airouts,atbats,atbatsperhomerun,avg,babip,batter,batter_id,doubles,gamesplayed,groundouts,groundoutstoairouts,hits,homeruns,leftonbase,numberofpitches,obp,ops,pitcher,pitcher_id,plateappearances,rbi,slg,strikeouts,totalbases,year
2,2,,.000,.000,Ildemaro Vargas,545121,,1,,0.00,,,,7,.000,.000,Sheehan,686218,2,,.000,,,2026
2,5,5.00,.200,.000,Ketel Marte,606466,,2,1,0.50,1,1,,25,.200,1.000,Sheehan,686218,5,1,.800,1,4,
2,4,,.250,.333,Gabriel Moreno,672515,,2,,0.00,1,,1,20,.250,.500,Sheehan,686218,4,,.250,1,1,
2,5,,.200,.250,Geraldo Perdomo,672695,1,2,1,0.50,1,,1,23,.200,.600,Sheehan,686218,5,,.400,1,2,2026
,2,,.000,.---,Max Kepler,596146,,1,,,,,,10,.000,.000,Sheehan,686218,2,,.000,2,,
1,5,,.200,.333,Corbin Carroll,682998,1,2,1,1.00,1,,,25,.200,.600,Sheehan,686218,5,,.400,2,2,
1,5,5.00,.200,.000,Nolan Arenado,571448,,2,,0.00,1,1,4,21,.200,1.000,Sheehan,686218,5,1,.800,3,4,
,2,2.00,.500,.000,Tommy Troy,694371,,1,1,1.00,1,1,,6,.500,2.500,Sheehan,686218,2,1,2.000,,4,2026
2,2,,.000,.000,Jorge Barrosa,678489,,1,,0.00,,,,5,.000,.000,Sheehan,686218,2,,.000,,,2026
