airouts,atbats,atbatsperhomerun,avg,babip,batter,batter_id,doubles,gamesplayed,groundouts,groundoutstoairouts,hits,homeruns,leftonbase,numberofpitches,obp,ops,pitcher,pitcher_id,plateappearances,rbi,sacbunts,slg,strikeouts,totalbases,year
3,6,,.000,.000,Jarren Duran,680776,,2,2,0.67,,,,18,.000,.000,Yesavage,702056,6,,,.000,1,,
2,2,,.000,.000,Carlos Narvaez,665966,,1,,0.00,,,2,6,.000,.000,Yesavage,702056,2,,,.000,,,2026
3,5,,.000,.000,Wilyer Abreu,677800,,2,,0.00,,,3,21,.000,.000,Yesavage,702056,5,,,.000,2,,2026
1,2,,.000,.000,Andruw Monasterio,655316,,1,,0.00,,,,6,.000,.000,Yesavage,702056,2,,,.000,1,,
4,5,5.00,.200,.000,Caleb Durbin,702332,,2,,0.00,1,1,2,18,.200,1.000,Yesavage,702056,5,1,,.800,,4,2026
,3,,.000,.000,Connor Wong,657136,,1,1,1.00,,,,20,.000,.000,Yesavage,702056,3,,,.000,2,,2026
,6,,.167,.250,Willson Contreras,575929,1,2,3,3.00,1,,1,22,.167,.500,Yesavage,702056,6,1,,.333,2,2,
1,2,,.500,.500,Masataka Yoshida,807799,,1,,0.00,1,,1,7,.500,1.000,Yesavage,702056,2,,,.500,,1,
1,2,,.500,.500,Ceddanne Rafaela,678882,1,1,1,1.00,1,,,6,.500,1.500,Yesavage,702056,3,,1,1.000,,2,
