airouts,atbats,atbatsperhomerun,avg,babip,batter,batter_id,gamesplayed,groundouts,groundoutstoairouts,hits,homeruns,leftonbase,numberofpitches,obp,ops,pitcher,pitcher_id,plateappearances,rbi,slg,strikeouts,totalbases,year
2,3,,.000,.000,Colton Cowser,681297,1,,0.00,,,1,13,.000,.000,Scholtens,669947,3,,.000,1,,2025
1,2,,.000,.000,Coby Mayo,691723,1,,0.00,,,,6,.000,.000,Scholtens,669947,2,,.000,1,,2025
,3,,.333,1.000,Jeremiah Jackson,669236,1,,,1,,2,11,.333,.666,Scholtens,669947,3,,.333,2,1,2025
2,3,,.000,.000,Leody Taveras,665750,2,1,0.50,,,2,12,.000,.000,Scholtens,669947,3,,.000,,,2023
1,1,,.000,.000,Pete Alonso,624413,1,,0.00,,,1,2,.000,.000,Scholtens,669947,1,,.000,,,2023
1,3,,.333,.333,Adley Rutschman,668939,1,1,1.00,1,,2,14,.333,.666,Scholtens,669947,3,,.333,,1,2023
2,3,,.000,.000,Gunnar Henderson,683002,1,,0.00,,,3,11,.000,.000,Scholtens,669947,3,,.000,1,,2023
,3,,.333,.500,Gunnar Henderson,683002,1,1,1.00,1,,,10,.333,.666,Scholtens,669947,3,,.333,1,1,2025
,1,1.00,1.000,.---,Taylor Ward,621493,1,,,1,1,,6,1.000,5.000,Scholtens,669947,1,2,4.000,,4,2023
